place5,Place,census_2020_count,july1_2021_pop_est,july1_2022_pop_est,july1_2023_pop_est,july1_2024_pop_est,jan1_2025_pop_est,num_chg_20_24,num_chg_20_25,pct_chg_20_24,pct_chg_20_25
100,Abbott,352,352,353,354,352,351,0,-1,0,-0.3
160,Abernathy,2865,2847,2830,2834,2818,2810,-47,-55,-1.6,-1.9
1000,Abilene,125182,124772,126431,130669,130819,130830,5637,5648,4.5,4.5
1108,Ackerly,264,263,254,265,267,268,3,4,1.1,1.5
1240,Addison,16661,16710,16845,17003,17082,17122,421,461,2.5,2.8
1324,Adrian,128,126,128,129,128,128,0,0,0,0
1396,Agua Dulce,685,674,678,671,670,670,-15,-15,-2.2,-2.2
1576,Alamo,19493,20000,20311,20752,21446,21793,1953,2300,10,11.8
1600,Alamo Heights,7357,7470,7510,7549,7509,7487,152,130,2.1,1.8
1636,Alba,473,479,485,479,479,479,6,6,1.3,1.3
1648,Albany,1854,1862,1903,1979,1861,1802,7,-52,0.4,-2.8
1744,Aledo,4858,5222,5460,5696,6031,6199,1173,1341,24.1,27.6
1852,Alice,17891,17846,18533,18595,18352,18227,461,336,2.6,1.9
1924,Allen,104627,107421,109169,110983,112155,112748,7528,8121,7.2,7.8
2044,Alma,373,387,398,424,435,441,62,68,16.6,18.2
2104,Alpine,6035,6014,5931,6151,5983,5904,-52,-131,-0.9,-2.2
2188,Alto,1027,1032,1034,1039,1034,1032,7,5,0.7,0.5
2212,Alton,18198,18973,19488,20853,22204,22886,4006,4688,22,25.8
2260,Alvarado,4739,5250,5816,6176,6414,6536,1675,1797,35.3,37.9
2272,Alvin,27098,27653,28250,28830,30082,30713,2984,3615,11,13.3
2284,Alvord,1351,1399,1447,1513,1491,1480,140,129,10.4,9.5
3000,Amarillo,200393,199621,201123,203351,203682,203860,3289,3467,1.6,1.7
3072,Ames,937,948,957,961,966,969,29,32,3.1,3.4
3084,Amherst,678,667,664,660,664,664,-14,-14,-2.1,-2.1
3144,Anahuac,1980,1969,1965,1995,2080,2123,100,143,5.1,7.2
3192,Anderson,193,204,204,209,214,217,21,24,10.9,12.4
3216,Andrews,13487,13398,13363,13306,13744,13956,257,469,1.9,3.5
3264,Angleton,19429,19400,19757,20260,21040,21422,1611,1993,8.3,10.3
3288,Angus,444,454,464,471,468,467,24,23,5.4,5.2
3300,Anna,16896,20238,23933,27291,30660,32345,13764,15449,81.5,91.4
3336,Annetta,3041,3051,3068,3098,3156,3185,115,144,3.8,4.7
3340,Annetta North,554,554,558,571,583,589,29,35,5.2,6.3
3342,Annetta South,621,629,638,652,662,667,41,46,6.6,7.4
3360,Annona,184,189,182,187,194,198,10,14,5.4,7.6
3372,Anson,2294,2295,2292,2296,2337,2358,43,64,1.9,2.8
3432,Anthony,3671,3673,3703,3726,3714,3708,43,37,1.2,1
3540,Anton,907,894,895,907,911,913,4,6,0.4,0.7
3564,Appleby,552,554,553,556,554,553,2,1,0.4,0.2
3588,Aquilla,101,101,101,102,101,101,0,0,0,0
3600,Aransas Pass,7941,8003,8153,8232,8398,8482,457,541,5.8,6.8
3696,Archer City,1601,1600,1590,1602,1569,1553,-32,-48,-2,-3
3708,Arcola,2034,2061,2187,2612,2526,2483,492,449,24.2,22.1
3768,Argyle,4403,4774,5435,5852,6196,6368,1793,1965,40.7,44.6
4000,Arlington,394266,392827,402083,412783,411808,413519,17542,19253,4.4,4.9
4156,Arp,892,940,957,978,980,981,88,89,9.9,10
4300,Asherton,722,716,702,688,674,667,-48,-55,-6.6,-7.6
4408,Aspermont,789,774,765,803,800,796,11,7,1.4,0.9
4504,Athens,12857,12692,12967,13445,13513,13485,656,628,5.1,4.9
4516,Atlanta,5433,5466,5422,5476,5420,5396,-13,-37,-0.2,-0.7
4600,Aubrey,5006,6421,7614,8424,9265,9686,4259,4680,85.1,93.5
4672,Aurora,1390,1425,1468,1545,1515,1500,125,110,9,7.9
5000,Austin,961855,973381,980660,991117,1033097,1054007,71242,92152,7.4,9.6
5036,Austwell,118,120,118,117,116,116,-2,-2,-1.7,-1.7
5072,Avery,421,430,433,448,462,469,41,48,9.7,11.4
5084,Avinger,371,370,368,372,366,363,-5,-8,-1.3,-2.2
5168,Azle,13369,13411,14345,15253,15657,15858,2288,2489,17.1,18.6
5264,Bailey,220,225,228,228,231,233,11,13,5,5.9
5288,Bailey's Prairie,775,775,779,779,801,812,26,37,3.4,4.8
5336,Baird,1479,1495,1502,1499,1488,1483,9,4,0.6,0.3
5372,Balch Springs,27685,27131,27235,27429,27549,27612,-136,-73,-0.5,-0.3
5384,Balcones Heights,2746,2746,2743,2772,2754,2745,8,-1,0.3,0
5456,Ballinger,3619,3605,3594,3575,3493,3453,-126,-166,-3.5,-4.6
5468,Balmorhea,408,401,381,414,408,405,0,-3,0,-0.7
5528,Bandera,829,823,845,853,862,863,33,34,4,4.1
5552,Bangs,1540,1537,1536,1578,1536,1515,-4,-25,-0.3,-1.6
5612,Bardwell,625,637,648,654,666,672,41,47,6.6,7.5
5708,Barry,220,226,226,225,227,228,7,8,3.2,3.6
5720,Barstow,265,250,263,262,263,264,-2,-1,-0.8,-0.4
5732,Bartlett,1633,1638,1604,1643,1675,1693,42,60,2.6,3.7
5768,Bartonville,1725,1768,1783,1804,1863,1893,138,168,8,9.7
5864,Bastrop,9688,10535,11045,11686,12203,12461,2515,2773,26,28.6
5984,Bay City,18061,17834,17464,17635,17619,17606,-442,-455,-2.4,-2.5
6060,Bayou Vista,1763,1754,1764,1768,1762,1759,-1,-4,-0.1,-0.2
6104,Bayside,275,276,277,280,282,283,7,8,2.5,2.9
6128,Baytown,83701,83215,85524,83250,84621,85309,920,1608,1.1,1.9
6140,Bayview,475,502,524,554,576,587,101,112,21.3,23.6
6200,Beach City,3221,3230,3278,3402,3424,3435,203,214,6.3,6.6
6242,Bear Creek,397,402,407,410,399,394,2,-3,0.5,-0.8
6272,Beasley,608,629,670,776,842,875,234,267,38.5,43.9
7000,Beaumont,115282,114130,113999,114444,115024,115328,-258,46,-0.2,0
7108,Beckville,722,736,740,736,757,768,35,46,4.8,6.4
7132,Bedford,49928,49090,49082,49478,49437,49440,-491,-488,-1,-1
7144,Bedias,361,366,376,389,402,409,41,48,11.4,13.3
7156,Bee Cave,9144,9018,8857,8738,8961,9070,-183,-74,-2,-0.8
7192,Beeville,13669,13491,13094,13047,13977,14434,308,765,2.3,5.6
7300,Bellaire,17202,16970,17045,16985,17547,17828,345,626,2,3.6
7396,Bellevue,289,294,301,309,302,299,13,10,4.5,3.5
7408,Bellmead,10494,10552,10590,10688,10649,10634,155,140,1.5,1.3
7420,Bells,1521,1531,1539,1559,1482,1444,-39,-77,-2.6,-5.1
7432,Bellville,4206,4148,4270,4290,4366,4403,160,197,3.8,4.7
7492,Belton,23054,23603,24641,25237,25634,25906,2580,2852,11.2,12.4
7528,Benavides,1183,1191,1168,1156,1162,1165,-21,-18,-1.8,-1.5
7552,Benbrook,24520,24808,24418,24685,24832,24901,312,381,1.3,1.6
7636,Benjamin,196,200,191,195,193,192,-3,-4,-1.5,-2
7852,Berryville,824,863,885,907,933,946,109,122,13.2,14.8
7864,Bertram,1616,1836,2005,2070,2014,1990,398,374,24.6,23.1
8104,Beverly Hills,1878,1874,1875,1885,1872,1866,-6,-12,-0.3,-0.6
8128,Bevil Oaks,1089,1072,1067,1069,1073,1075,-16,-14,-1.5,-1.3
8212,Big Lake,2965,2946,2797,2826,2939,2999,-26,34,-0.9,1.1
8224,Big Sandy,1231,1248,1295,1305,1317,1323,86,92,7,7.5
8236,Big Spring,26144,25859,25076,25593,25320,25176,-824,-968,-3.2,-3.7
8260,Big Wells,483,478,462,456,445,440,-38,-43,-7.9,-8.9
8392,Bishop,3174,3135,3115,3124,3130,3133,-44,-41,-1.4,-1.3
8398,Bishop Hills,211,205,206,204,204,204,-7,-7,-3.3,-3.3
8488,Blackwell,258,256,255,256,257,258,-1,0,-0.4,0
8536,Blanco,1682,1749,1808,1873,1902,1917,220,235,13.1,14
8596,Blanket,369,370,371,376,369,366,0,-3,0,-0.8
8752,Bloomburg,321,328,335,342,337,335,16,14,5,4.4
8788,Blooming Grove,857,857,864,881,878,877,21,20,2.5,2.3
8812,Blossom,1402,1404,1427,1468,1486,1495,84,93,6,6.6
8860,Blue Mound,2393,2352,2348,2364,2363,2363,-30,-30,-1.3,-1.3
8872,Blue Ridge,1180,1174,1199,1205,1256,1282,76,102,6.4,8.6
9004,Blum,383,392,397,399,400,401,17,18,4.4,4.7
9160,Boerne,17850,19146,20083,22074,21922,21854,4072,4004,22.8,22.4
9172,Bogata,1074,1086,1099,1109,1103,1100,29,26,2.7,2.4
9328,Bonham,10408,10438,10523,10686,10812,10858,404,450,3.9,4.3
9388,Bonney,180,183,185,184,188,190,8,10,4.4,5.6
9448,Booker,1437,1367,1419,1412,1336,1297,-101,-140,-7,-9.7
9556,Borger,12551,12411,12228,12169,12186,12190,-365,-361,-2.9,-2.9
9628,Bovina,1699,1710,1675,1662,1632,1617,-67,-82,-3.9,-4.8
9640,Bowie,5448,5470,5750,5953,6093,6156,645,708,11.8,13
9748,Boyd,1416,1460,1553,1764,1964,2064,548,648,38.7,45.8
9868,Brackettville,1341,1325,1328,1356,1351,1349,10,8,0.7,0.6
9916,Brady,5118,5040,5031,4983,4998,5004,-120,-114,-2.3,-2.2
10072,Brazoria,2866,2824,2814,2898,2882,2874,16,8,0.6,0.3
10090,Brazos Country,514,505,515,517,514,513,0,-1,0,-0.2
10132,Breckenridge,5187,5211,5128,5103,5253,5334,66,147,1.3,2.8
10144,Bremond,858,861,856,856,856,855,-2,-3,-0.2,-0.3
10156,Brenham,17369,18402,18181,19660,19721,19818,2352,2449,13.5,14.1
10197,Briarcliff,2062,2107,2124,2144,2083,2053,21,-9,1,-0.4
10216,Briaroaks,507,507,511,514,512,511,5,4,1,0.8
10252,Bridge City,9546,9491,9563,9709,9646,9615,100,69,1,0.7
10264,Bridgeport,5923,6032,6214,6489,6352,6284,429,361,7.2,6.1
10384,Broaddus,184,185,189,195,200,203,16,19,8.7,10.3
1,Brock,,968,969,974,974,974,974,974,,
10528,Bronte,933,938,945,965,958,954,25,21,2.7,2.3
10636,Brookshire,5066,5210,5303,5438,5479,5498,413,432,8.2,8.5
10648,Brookside Village,1548,1553,1575,1574,1616,1637,68,89,4.4,5.7
10708,Browndell,160,155,153,154,152,151,-8,-9,-5,-5.6
10720,Brownfield,8936,8822,8842,8621,8662,8679,-274,-257,-3.1,-2.9
10756,Brownsboro,1212,1267,1298,1345,1366,1377,154,165,12.7,13.6
10768,Brownsville,186738,187574,189624,192686,195568,196994,8830,10256,4.7,5.5
10780,Brownwood,18862,18807,18679,18730,18708,18688,-154,-174,-0.8,-0.9
10828,Bruceville-Eddy,1413,1423,1460,1446,1466,1476,53,63,3.8,4.5
10912,Bryan,83980,85490,87986,90114,91197,91748,7217,7768,8.6,9.2
10960,Bryson,430,437,459,444,465,476,35,46,8.1,10.7
11020,Buckholts,365,370,384,392,390,389,25,24,6.8,6.6
11080,Buda,15108,16412,16831,16110,17224,17781,2116,2673,14,17.7
11116,Buffalo,1767,1798,1833,1857,1874,1883,107,116,6.1,6.6
11128,Buffalo Gap,543,566,582,608,632,644,89,101,16.4,18.6
11155,Buffalo Springs Lake,468,460,453,448,446,445,-22,-23,-4.7,-4.9
11212,Bullard,3318,3651,3805,3962,4141,4231,823,913,24.8,27.5
11224,Bulverde,5692,6053,6512,6843,6929,6972,1237,1280,21.7,22.5
11300,Bunker Hill Village,3822,3759,3767,3787,3847,3877,25,55,0.7,1.4
11368,Burkburnett,10939,11029,11067,11161,11092,11059,153,120,1.4,1.1
11380,Burke,691,695,694,697,696,696,5,5,0.7,0.7
11428,Burleson,47641,50735,52366,53647,54790,55352,7149,7711,15,16.2
11464,Burnet,6436,6600,6744,7073,6785,6644,349,208,5.4,3.2
11536,Burton,297,286,283,286,289,291,-8,-6,-2.7,-2
11644,Byers,454,458,457,475,477,478,23,24,5.1,5.3
11656,Bynum,171,171,171,180,175,173,4,2,2.3,1.2
11692,Cactus,3057,3080,3103,3127,3232,3285,175,228,5.7,7.5
11716,Caddo Mills,1495,2750,3664,4600,5165,5448,3670,3953,245.5,264.4
11836,Caldwell,3993,4136,4318,4484,4765,4914,772,921,19.3,23.1
11968,Callisburg,321,324,332,349,356,360,35,39,10.9,12.1
11992,Calvert,962,966,965,974,997,1009,35,47,3.6,4.9
12040,Cameron,5306,5381,5571,5695,5668,5653,362,347,6.8,6.5
12388,Camp Wood,517,524,522,539,526,524,9,7,1.7,1.4
12112,Campbell,542,550,578,587,595,599,53,57,9.8,10.5
12412,Canadian,2339,2267,2294,2326,2265,2232,-74,-107,-3.2,-4.6
12472,Caney City,187,191,190,198,203,206,16,19,8.6,10.2
12496,Canton,4229,4293,4369,4458,4504,4529,275,300,6.5,7.1
12532,Canyon,14836,15390,15641,15975,15985,16032,1149,1196,7.7,8.1
12736,Carbon,281,285,287,291,294,296,13,15,4.6,5.3
12895,Carl's Corner,201,215,236,255,258,260,57,59,28.4,29.4
12916,Carmine,244,244,245,246,244,243,0,-1,0,-0.4
12988,Carrizo Springs,4892,4879,4762,4682,4575,4521,-317,-371,-6.5,-7.6
13024,Carrollton,133434,131634,134174,134170,136162,137137,2728,3703,2,2.8
13108,Carthage,6569,6623,6535,6587,6708,6780,139,211,2.1,3.2
13198,Cashion Community,286,289,287,293,291,290,5,4,1.7,1.4
13276,Castle Hills,3978,3983,3975,4011,3986,3974,8,-4,0.2,-0.1
13312,Castroville,2954,2970,3004,3112,3181,3218,227,264,7.7,8.9
13492,Cedar Hill,49148,48487,48925,49376,49968,50260,820,1112,1.7,2.3
13552,Cedar Park,77595,78448,78773,78599,79234,79534,1639,1939,2.1,2.5
13672,Celeste,809,825,831,878,886,890,77,81,9.5,10
13684,Celina,16739,23712,29971,38988,44929,47908,28190,31169,168.4,186.2
13732,Center,5221,5148,5158,5283,5097,5006,-124,-215,-2.4,-4.1
13900,Centerville,905,906,927,968,973,974,68,69,7.5,7.6
14224,Chandler,3275,3411,3447,3627,3771,3837,496,562,15.1,17.2
14260,Channing,281,285,281,279,267,261,-14,-20,-5,-7.1
14404,Charlotte,1524,1553,1574,1600,1606,1609,82,85,5.4,5.6
14584,Chester,270,276,271,272,274,275,4,5,1.5,1.9
14620,Chico,946,981,1015,1067,1041,1028,95,82,10,8.7
14668,Childress,5737,5752,5803,5812,5696,5641,-41,-96,-0.7,-1.7
14680,Chillicothe,549,549,537,544,528,520,-21,-29,-3.8,-5.3
14704,China,1260,1246,1241,1281,1251,1236,-9,-24,-0.7,-1.9
14716,China Grove,1141,1145,1145,1158,1150,1146,9,5,0.8,0.4
14776,Chireno,370,371,379,385,376,372,6,2,1.6,0.5
14860,Christine,337,344,343,353,352,352,15,15,4.5,4.5
14920,Cibolo,32276,33317,34550,37482,35970,35214,3694,2938,11.4,9.1
15004,Cisco,3883,3902,3937,3975,3974,3977,91,94,2.3,2.4
15112,Clarendon,1877,1939,1942,1880,1840,1818,-37,-59,-2,-3.1
15160,Clarksville,2857,2828,2812,2946,2918,2900,61,43,2.1,1.5
15172,Clarksville City,780,777,794,798,810,816,30,36,3.8,4.6
15196,Claude,1186,1179,1200,1185,1180,1178,-6,-8,-0.5,-0.7
15328,Clear Lake Shores,1258,1273,1250,1290,1292,1293,34,35,2.7,2.8
15364,Cleburne,31352,32094,33250,35656,36337,36682,4985,5330,15.9,17
15436,Cleveland,7471,8060,8469,9067,9371,9518,1900,2047,25.4,27.4
15472,Clifton,3465,3461,3453,3492,3489,3480,24,15,0.7,0.4
15544,Clint,923,926,945,946,956,961,33,38,3.6,4.1
15652,Clute,10604,10605,10691,10698,11004,11162,400,558,3.8,5.3
15676,Clyde,3811,3926,3930,3986,3991,3993,180,182,4.7,4.8
15700,Coahoma,945,946,925,953,951,950,6,5,0.6,0.5
15796,Cockrell Hill,3815,3744,3743,3763,3750,3744,-65,-71,-1.7,-1.9
15820,Coffee City,249,252,255,256,256,256,7,7,2.8,2.8
15892,Coldspring,819,827,838,849,846,845,27,26,3.3,3.2
15916,Coleman,3912,3877,3883,3939,4025,4067,113,155,2.9,4
15976,College Station,120511,121368,125337,126855,128948,130042,8437,9531,7,7.9
15988,Colleyville,26057,25824,25870,26108,26243,26311,186,254,0.7,1
16036,Collinsville,1866,1939,2003,2021,2052,2068,186,202,10,10.8
16048,Colmesneil,542,545,549,552,549,548,7,6,1.3,1.1
16120,Colorado City,3991,3984,3944,4010,3939,3906,-52,-85,-1.3,-2.1
16168,Columbus,3699,3691,3739,3782,3759,3754,60,55,1.6,1.5
16192,Comanche,4211,4219,4228,4276,4324,4347,113,136,2.7,3.2
16204,Combes,2999,3015,3048,3090,3109,3119,110,120,3.7,4
16216,Combine,2245,2332,2370,2412,2441,2456,196,211,8.7,9.4
16240,Commerce,9090,9166,8803,9146,9490,9496,400,406,4.4,4.5
16252,Como,728,733,740,743,755,761,27,33,3.7,4.5
16432,Conroe,89956,96281,101574,107295,110791,112564,20835,22608,23.2,25.1
16468,Converse,27466,29170,29755,30931,31801,32237,4335,4771,15.8,17.4
16540,Cool,211,211,212,213,216,218,5,7,2.4,3.3
16552,Coolidge,778,787,791,792,790,789,12,11,1.5,1.4
16564,Cooper,1911,1931,1977,2054,2047,2045,136,134,7.1,7
16612,Coppell,42983,43110,43209,43390,43217,43133,234,150,0.5,0.3
16636,Copper Canyon,1731,1843,2087,2276,2408,2474,677,743,39.1,42.9
16624,Copperas Cove,36670,37489,38224,39412,39891,40393,3221,3723,8.8,10.2
16696,Corinth,22634,22873,22972,24062,24136,24177,1502,1543,6.6,6.8
17000,Corpus Christi,317863,316400,315621,318999,321718,323178,3855,5315,1.2,1.7
17021,Corral City,,36,39,39,40,40,40,40,,
17036,Corrigan,1477,1501,1487,1465,1432,1417,-45,-60,-3,-4.1
17060,Corsicana,25109,25430,25747,25729,26011,26183,902,1074,3.6,4.3
17200,Cottonwood,181,188,192,195,198,200,17,19,9.4,10.5
17208,Cottonwood Shores,1403,1503,1604,1706,1780,1855,377,452,26.9,32.2
17216,Cotulla,3718,3709,3701,3709,3745,3761,27,43,0.7,1.2
17312,Coupland,289,287,291,297,307,312,18,23,6.2,8
17336,Cove,525,528,531,538,574,592,49,67,9.3,12.8
17372,Covington,261,273,290,293,291,290,30,29,11.5,11.1
17429,Coyote Flats,345,350,352,361,364,364,19,19,5.5,5.5
17504,Crandall,3860,4080,4174,4554,5079,5342,1219,1482,31.6,38.4
17516,Crane,3478,3503,3469,3466,3473,3481,-5,3,-0.1,0.1
17540,Cranfills Gap,277,277,278,279,277,276,0,-1,0,-0.4
17564,Crawford,887,899,917,930,912,903,25,16,2.8,1.8
17612,Creedmoor,458,458,458,453,464,470,6,12,1.3,2.6
17648,Cresson,1349,1396,1428,1472,1574,1626,225,277,16.7,20.5
17744,Crockett,6332,6350,6313,6356,6360,6353,28,21,0.4,0.3
17768,Crosbyton,1492,1484,1441,1415,1475,1506,-17,14,-1.1,0.9
17816,Cross Plains,899,916,927,915,918,920,19,21,2.1,2.3
17852,Cross Roads,1744,1949,2059,2047,2154,2208,410,464,23.5,26.6
17917,Cross Timber,362,362,374,384,384,384,22,22,6.1,6.1
17948,Crowell,769,765,741,768,725,701,-44,-68,-5.7,-8.8
17960,Crowley,18070,18917,19409,19966,20673,21018,2603,2948,14.4,16.3
18020,Crystal City,6354,6346,6361,6292,6246,6223,-108,-131,-1.7,-2.1
18092,Cuero,8128,8169,8040,8253,8218,8194,90,66,1.1,0.8
18128,Cumby,679,686,699,708,723,731,44,52,6.5,7.7
18152,Cuney,116,116,117,117,116,116,0,0,0,0
18224,Cushing,557,554,574,579,581,582,24,25,4.3,4.5
18260,Cut and Shoot,1087,1101,1116,1131,1128,1127,41,40,3.8,3.7
20540,DISH,437,440,443,448,475,489,38,52,8.7,11.9
18464,Daingerfield,2522,2528,2533,2540,2550,2557,28,35,1.1,1.4
18476,Daisetta,923,961,971,965,987,998,64,75,6.9,8.1
18524,Dalhart,8447,8523,8477,8543,8584,8609,137,162,1.6,1.9
19000,Dallas,1304379,1290317,1305942,1315600,1331014,1338750,26635,34371,2,2.6
19084,Dalworthington Gardens,2293,2277,2294,2323,2335,2341,42,48,1.8,2.1
19120,Danbury,1671,1665,1685,1679,1723,1745,52,74,3.1,4.4
19288,Darrouzett,309,294,302,299,282,274,-27,-35,-8.7,-11.3
19420,Dawson,815,823,827,827,831,833,16,18,2,2.2
19432,Dayton,8777,8958,9154,9429,9714,9859,937,1082,10.7,12.3
19435,Dayton Lakes,45,45,45,46,45,45,0,0,0,0
19648,De Kalb,1527,1508,1489,1459,1453,1450,-74,-77,-4.8,-5
19672,De Leon,2258,2277,2324,2297,2327,2343,69,85,3.1,3.8
19570,DeCordova,3007,3009,3013,3028,3007,2997,0,-10,0,-0.3
20092,DeSoto,56145,55920,56741,57131,57411,57544,1266,1399,2.3,2.5
19456,Dean,488,490,501,512,514,515,26,27,5.3,5.5
19528,Decatur,6538,6719,6986,7695,7746,7761,1208,1223,18.5,18.7
19624,Deer Park,34495,33966,33924,33977,34211,34328,-284,-167,-0.8,-0.5
19792,Del Rio,34673,34337,34471,34653,34974,35125,301,452,0.9,1.3
19708,Dell City,245,248,258,262,279,288,34,43,13.9,17.6
19900,Denison,24479,25198,25920,26781,25700,25155,1221,676,5,2.8
19924,Dennis,,954,955,959,843,843,843,843,,
19972,Denton,139869,146561,150156,160536,164332,166205,24463,26336,17.5,18.8
19984,Denver City,4470,4412,4337,4407,4372,4355,-98,-115,-2.2,-2.6
20020,Deport,550,551,551,554,550,548,0,-2,0,-0.4
20128,Detroit,704,697,693,718,708,703,4,-1,0.6,-0.1
20140,Devers,361,379,387,421,446,459,85,98,23.5,27.1
20152,Devine,4324,4343,4369,4460,4473,4479,149,155,3.4,3.6
20308,Diboll,4457,4514,4578,4621,4734,4786,277,329,6.2,7.4
20332,Dickens,219,216,214,212,215,217,-4,-2,-1.8,-0.9
20344,Dickinson,20847,21281,21024,21222,21236,21242,389,395,1.9,1.9
20428,Dilley,3274,2367,2417,2863,3017,3064,-257,-210,-7.8,-6.4
20464,Dimmitt,4171,4171,4178,4080,4175,4217,4,46,0.1,1.1
20680,Dodd City,369,377,381,387,391,393,22,24,6,6.5
20716,Dodson,93,91,90,91,91,91,-2,-2,-2.2,-2.2
20848,Domino,71,73,75,78,79,80,8,9,11.3,12.7
20884,Donna,16797,16785,16800,16980,17171,17267,374,470,2.2,2.8
20932,Dorchester,69,69,69,70,70,70,1,1,1.4,1.4
21031,Double Horn,,264,265,266,282,290,282,290,,
21028,Double Oak,3054,3076,3089,3019,3061,3082,7,28,0.2,0.9
21112,Douglassville,211,211,210,213,211,210,0,-1,0,-0.5
21424,Dripping Springs,4650,5512,6384,8166,9074,9530,4424,4880,95.1,104.9
21436,Driscoll,680,672,666,674,674,674,-6,-6,-0.9,-0.9
21484,Dublin,3359,3380,3402,3438,3424,3417,65,58,1.9,1.7
21556,Dumas,14501,14261,14261,14387,14864,15105,363,604,2.5,4.2
21628,Duncanville,40706,39826,39854,40043,39693,39510,-1013,-1196,-2.5,-2.9
21844,Eagle Lake,3442,3474,3437,3537,3546,3549,104,107,3,3.1
21892,Eagle Pass,28130,28589,28331,28418,28682,28817,552,687,2,2.4
21904,Early,3087,3122,3157,3211,3199,3193,112,106,3.6,3.4
21928,Earth,901,901,888,891,886,884,-15,-17,-1.7,-1.9
21988,East Bernard,2218,2244,2271,2270,2235,2218,17,0,0.8,0
22168,East Mountain,899,917,922,958,964,967,65,68,7.2,7.6
22276,East Tawakoni,824,849,878,914,960,983,136,159,16.5,19.3
22132,Eastland,3609,3681,3762,3815,3786,3771,177,162,4.9,4.5
22192,Easton,499,512,522,521,524,526,25,27,5,5.4
22516,Ector,737,750,761,772,784,790,47,53,6.4,7.2
22528,Edcouch,2732,2711,2696,2704,2722,2731,-10,-1,-0.4,0
22552,Eden,1100,1109,1114,1122,1108,1107,8,7,0.7,0.6
22588,Edgecliff Village,3788,3759,3785,3834,3859,3872,71,84,1.9,2.2
22612,Edgewood,1530,1552,1574,1578,1585,1589,55,59,3.6,3.9
22660,Edinburg,100243,102806,104373,107310,110772,112425,10529,12182,10.5,12.2
22708,Edmonson,86,84,86,86,86,86,0,0,0,0
22720,Edna,5987,6000,6018,6064,6046,6031,59,44,1,0.7
22744,Edom,339,340,339,341,340,340,1,1,0.3,0.3
22864,El Campo,12350,12281,12250,12307,12204,12158,-146,-192,-1.2,-1.6
22905,El Cenizo,2540,2510,2500,2502,2483,2474,-57,-66,-2.2,-2.6
23164,El Lago,3090,3040,3033,3008,3020,3026,-70,-64,-2.3,-2.1
24000,El Paso,678815,682174,679271,679168,679921,680148,1106,1333,0.2,0.2
22960,Eldorado,1574,1558,1505,1526,1467,1439,-107,-135,-6.8,-8.6
22984,Electra,2292,2298,2297,2285,2260,2251,-32,-41,-1.4,-1.8
23044,Elgin,9784,10637,11499,12348,12733,12928,2949,3144,30.1,32.1
23140,Elkhart,1287,1283,1265,1290,1250,1227,-37,-60,-2.9,-4.7
23176,Ellinger,285,285,285,287,285,284,0,-1,0,-0.4
23272,Elmendorf,1862,2130,2327,2530,2702,2789,840,927,45.1,49.8
24036,Elsa,5668,5665,5684,5766,5851,5894,183,226,3.2,4
24168,Emhouse,187,193,187,188,191,193,4,6,2.1,3.2
24216,Emory,1251,1287,1304,1333,1408,1440,157,189,12.5,15.1
24228,Enchanted Oaks,347,350,349,358,363,366,16,19,4.6,5.5
24240,Encinal,540,544,546,549,556,560,16,20,3,3.7
24348,Ennis,20159,21399,22880,23945,24437,24688,4278,4529,21.2,22.5
24552,Escobares,2588,2601,2560,2556,2598,2619,10,31,0.4,1.2
24636,Estelline,121,121,121,124,121,120,0,-1,0,-0.8
24768,Euless,61032,60396,60512,60933,61453,61707,421,675,0.7,1.1
24816,Eureka,313,337,327,329,337,341,24,28,7.7,8.9
24828,Eustace,1137,1152,1141,1157,1168,1174,31,37,2.7,3.3
24864,Evant,455,460,464,470,474,476,19,21,4.2,4.6
24912,Everman,6154,6061,6051,6255,6403,6477,249,323,4,5.2
25168,Fair Oaks Ranch,9833,10441,10814,11251,11521,11657,1688,1824,17.2,18.5
25068,Fairchilds,864,881,886,900,901,902,37,38,4.3,4.4
25104,Fairfield,2850,2867,2877,2982,2990,2990,140,140,4.9,4.9
25224,Fairview,10372,10732,10885,10824,11041,11150,669,778,6.5,7.5
25368,Falfurrias,4609,4525,4537,4469,4373,4325,-236,-284,-5.1,-6.2
25392,Falls City,514,513,514,532,544,550,30,36,5.8,7
25452,Farmers Branch,35991,36559,37935,38299,39636,40305,3645,4314,10.1,12
25488,Farmersville,3612,3838,3989,4224,4414,4506,802,894,22.2,24.8
25548,Farwell,1425,1419,1414,1421,1416,1412,-9,-13,-0.6,-0.9
25572,Fate,17958,20961,23019,25964,27815,28747,9857,10789,54.9,60.1
25644,Fayetteville,246,247,247,249,251,252,5,6,2,2.4
25752,Ferris,2788,3171,3590,3935,4293,4383,1505,1595,54,57.2
26028,Flatonia,1308,1335,1337,1371,1376,1371,68,63,5.2,4.8
26136,Florence,1171,1193,1201,1211,1204,1201,33,30,2.8,2.6
26160,Floresville,7203,7578,7908,8174,8376,8477,1173,1274,16.3,17.7
26232,Flower Mound,75956,77520,78550,79375,79022,78840,3066,2884,4,3.8
26268,Floydada,2675,2625,2564,2574,2489,2447,-186,-228,-7,-8.5
26328,Follett,373,353,366,362,341,331,-32,-42,-8.6,-11.3
26544,Forest Hill,13955,13766,13964,14280,14469,14564,514,609,3.7,4.4
26604,Forney,23455,26985,28726,30470,31801,32467,8346,9012,35.6,38.4
26640,Forsan,225,228,214,226,223,222,-2,-3,-0.9,-1.3
26808,Fort Stockton,8466,8426,8192,8145,8540,8740,74,274,0.9,3.2
27000,Fort Worth,918915,935802,958942,985653,1009064,1020987,90149,102072,9.8,11.1
27288,Franklin,1614,1714,1726,1749,1767,1776,153,162,9.5,10
27300,Frankston,1126,1133,1120,1102,1153,1179,27,53,2.4,4.7
27348,Fredericksburg,10875,11089,11214,11264,11327,11361,452,486,4.2,4.5
27420,Freeport,10696,10597,10569,10497,10741,10863,45,167,0.4,1.6
27432,Freer,2461,2474,2423,2413,2424,2430,-37,-31,-1.5,-1.3
27648,Friendswood,41213,40961,41054,41211,41091,41034,-122,-179,-0.3,-0.4
27660,Friona,4171,4122,4040,4041,3968,3933,-203,-238,-4.9,-5.7
27684,Frisco,200509,211966,216858,220972,234038,240561,33529,40052,16.7,20
27696,Fritch,1859,1864,1819,1823,1826,1828,-33,-31,-1.8,-1.7
27768,Frost,620,629,638,642,640,639,20,19,3.2,3.1
27804,Fruitvale,476,480,484,485,488,490,12,14,2.5,2.9
27876,Fulshear,16856,26970,35429,45841,55097,59725,38241,42869,226.9,254.3
27888,Fulton,1523,1537,1544,1631,1590,1570,67,47,4.4,3.1
27984,Gainesville,17394,17575,17565,17793,17835,17848,441,454,2.5,2.6
27996,Galena Park,10740,10557,10533,10465,10510,10533,-230,-207,-2.1,-1.9
28008,Gallatin,321,325,328,330,330,330,9,9,2.8,2.8
28068,Galveston,53695,53292,53806,54068,53546,53389,-149,-306,-0.3,-0.6
28080,Ganado,1975,2001,1995,2036,2035,2034,60,59,3,3
28248,Garden Ridge,4186,4227,4242,4267,4280,4287,94,101,2.2,2.4
29000,Garland,246018,247495,247271,249426,249801,249987,3783,3969,1.5,1.6
29036,Garrett,829,839,840,846,856,861,27,32,3.3,3.9
29060,Garrison,789,807,820,832,831,833,42,44,5.3,5.6
29108,Gary City,335,336,338,340,339,339,4,4,1.2,1.2
29168,Gatesville,16135,15965,16006,16489,16470,16439,335,304,2.1,1.9
29348,George West,2171,2126,2101,2128,2177,2200,6,29,0.3,1.3
29336,Georgetown,67176,75364,84960,94657,98628,100638,31452,33462,46.8,49.8
29408,Gholson,1250,1269,1272,1302,1298,1296,48,46,3.8,3.7
29432,Giddings,4969,5014,4961,5054,5084,5099,115,130,2.3,2.6
29564,Gilmer,4843,4865,5075,5182,5245,5278,402,435,8.3,9
29660,Gladewater,6134,6172,6251,6300,6240,6210,106,76,1.7,1.2
29876,Glen Rose,2659,2685,2720,2814,2852,2871,193,212,7.3,8
29840,Glenn Heights,15819,17203,18142,18477,18887,19093,3068,3274,19.4,20.7
29972,Godley,1450,1994,2934,3797,4191,4388,2741,2938,189,202.6
30044,Goldsmith,236,224,239,232,232,232,-4,-4,-1.7,-1.7
30056,Goldthwaite,1738,1746,1770,1786,1775,1768,37,30,2.1,1.7
30080,Goliad,1620,1664,1674,1715,1727,1733,107,113,6.6,7
30092,Golinda,618,641,656,674,684,690,66,72,10.7,11.7
30116,Gonzales,7165,7189,7205,7252,7239,7233,74,68,1,0.9
30188,Goodlow,178,178,178,179,178,178,0,0,0,0
30224,Goodrich,248,255,253,259,257,256,9,8,3.6,3.2
30272,Gordon,470,476,481,484,482,481,12,11,2.6,2.3
30296,Goree,158,158,156,159,153,150,-5,-8,-3.2,-5.1
30308,Gorman,976,980,988,991,994,996,18,20,1.8,2
30380,Graford,669,683,695,702,703,704,34,35,5.1,5.2
30392,Graham,8732,8779,8763,8827,8810,8804,78,72,0.9,0.8
30416,Granbury,10958,11549,11834,12020,12165,12239,1207,1281,11,11.7
30464,Grand Prairie,196100,197763,203376,206516,208809,209957,12709,13857,6.5,7.1
30476,Grand Saline,3107,3105,3127,3150,3148,3147,41,40,1.3,1.3
30440,Grandfalls,340,325,339,332,332,332,-8,-8,-2.4,-2.4
30512,Grandview,1879,1915,1919,1947,1948,1949,69,70,3.7,3.7
30548,Granger,1183,1200,1168,1222,1210,1204,27,21,2.3,1.8
30584,Granite Shoals,5129,5224,5382,5491,5486,5484,357,355,7,6.9
30608,Granjeno,283,288,291,285,287,288,4,5,1.4,1.8
30632,Grapeland,1465,1487,1467,1511,1479,1463,14,-2,1,-0.1
30644,Grapevine,50631,50849,51033,51378,50974,50757,343,126,0.7,0.2
30752,Grays Prairie,325,329,331,336,337,338,12,13,3.7,4
30920,Greenville,28164,29768,31073,33112,33911,34306,5747,6142,20.4,21.8
31064,Gregory,1740,1748,1751,1762,1722,1702,-18,-38,-1,-2.2
31100,Grey Forest,492,503,502,508,513,516,21,24,4.3,4.9
31280,Groesbeck,3631,3632,3645,3641,3684,3706,53,75,1.5,2.1
31292,Groom,552,549,550,555,538,530,-14,-22,-2.5,-4
31328,Groves,17335,17167,17120,17173,17296,17358,-39,23,-0.2,0.1
31340,Groveton,918,923,926,937,942,947,24,29,2.6,3.2
31412,Gruver,1130,1110,1108,1095,1072,1061,-58,-69,-5.1,-6.1
31592,Gun Barrel City,6190,6452,6613,6960,7094,7163,904,973,14.6,15.7
31616,Gunter,2060,2243,2366,2449,2530,2571,470,511,22.8,24.8
31628,Gustine,392,396,400,405,410,413,18,21,4.6,5.4
31715,Hackberry,2973,2987,2951,2934,2968,2985,-5,12,-0.2,0.4
31820,Hale Center,2062,2032,1998,2003,1988,1981,-74,-81,-3.6,-3.9
31868,Hallettsville,2731,2759,2743,2745,2746,2748,15,17,0.5,0.6
31880,Hallsburg,419,427,450,460,449,444,30,25,7.2,6
31904,Hallsville,4277,4443,4602,4724,4767,4789,490,512,11.5,12
31928,Haltom City,46073,45551,45675,46210,46456,46579,383,506,0.8,1.1
31952,Hamilton,2895,2879,2904,2985,3083,3122,188,227,6.5,7.8
31964,Hamlin,1831,1846,1848,1871,1858,1853,27,22,1.5,1.2
32156,Happy,602,611,611,609,607,606,5,4,0.8,0.7
32240,Hardin,768,793,803,809,824,832,56,64,7.3,8.3
32312,Harker Heights,33097,33414,33997,34972,35264,35406,2167,2309,6.5,7
32372,Harlingen,71829,71434,71358,71401,71853,72067,24,238,0,0.3
32576,Hart,869,865,871,869,890,901,21,32,2.4,3.7
32684,Harwood,120,120,121,118,119,120,-1,0,-0.8,0
32696,Haskell,3089,3071,3093,3070,3081,3088,-8,-1,-0.3,0
32720,Haslet,1952,2732,3591,4299,4817,5076,2865,3124,146.8,160
32810,Hawk Cove,452,459,486,502,518,526,66,74,14.6,16.4
32816,Hawkins,1274,1299,1328,1339,1715,1694,441,420,34.6,33
32840,Hawley,545,548,560,567,577,582,32,37,5.9,6.8
32906,Hays,227,229,232,232,228,226,1,-1,0.4,-0.4
32972,Hearne,4544,4487,4551,4618,4621,4622,77,78,1.7,1.7
32984,Heath,9769,10076,10300,10726,10858,10925,1089,1156,11.1,11.8
33020,Hebron,803,804,805,808,803,801,0,-2,0,-0.2
33044,Hedley,275,275,268,266,263,262,-12,-13,-4.4,-4.7
33068,Hedwig Village,2370,2336,2340,2332,2408,2446,38,76,1.6,3.2
33146,Helotes,9030,9425,9881,10285,10439,10516,1409,1486,15.6,16.5
33188,Hemphill,1029,1047,1029,1072,1054,1045,25,16,2.4,1.6
33200,Hempstead,5430,5640,5833,6147,6346,6446,916,1016,16.9,18.7
33212,Henderson,13271,13249,13268,13330,14597,13972,1326,701,10,5.3
33284,Henrietta,3111,3131,3152,3265,3288,3299,177,188,5.7,6
33320,Hereford,14972,14840,14825,14936,15005,15040,33,68,0.2,0.5
33428,Hewitt,16026,16318,16323,16508,16754,16874,728,848,4.5,5.3
33476,Hickory Creek,4718,5268,5469,6180,6724,7014,2006,2296,42.5,48.7
33548,Hico,1335,1344,1376,1450,1467,1475,132,140,9.9,10.5
33560,Hidalgo,13964,14174,14398,14817,15247,15462,1283,1498,9.2,10.7
33578,Hideaway,3201,3239,3312,3364,3356,3352,155,151,4.8,4.7
33608,Higgins,356,341,351,353,332,322,-24,-34,-6.7,-9.6
33794,Highland Haven,418,420,414,415,408,405,-10,-13,-2.4,-3.1
33824,Highland Park,8864,8733,8681,8713,8881,8965,17,101,0.2,1.1
33848,Highland Village,15899,16095,16034,16384,16139,16015,240,116,1.5,0.7
33968,Hill Country Village,942,943,944,953,939,932,-3,-10,-0.3,-1.1
34018,Hillcrest Village,705,693,689,696,698,699,-7,-6,-1,-0.9
34088,Hillsboro,8221,8291,8435,8605,8585,8597,364,376,4.4,4.6
34148,Hilshire Village,816,813,810,806,841,859,25,43,3.1,5.3
34220,Hitchcock,7301,7423,7598,7679,7694,7702,393,401,5.4,5.5
34502,Holiday Lakes,991,1018,1018,1025,1033,1037,42,46,4.2,4.6
34508,Holland,1075,1086,1108,1124,1131,1135,56,60,5.2,5.6
34532,Holliday,1524,1565,1592,1636,1636,1636,112,112,7.3,7.3
34628,Hollywood Park,3130,3131,3125,3152,3130,3119,0,-11,0,-0.4
34676,Hondo,8289,8363,8423,8594,8608,8614,319,325,3.8,3.9
34700,Honey Grove,1715,1729,1735,1744,1751,1758,36,43,2.1,2.5
34736,Hooks,2518,2534,2486,2468,2467,2467,-51,-51,-2,-2
34832,Horizon City,22489,23228,23412,24055,24440,24633,1951,2144,8.7,9.5
34862,Horseshoe Bay,4257,4449,4833,5188,5149,5129,892,872,21,20.5
35000,Houston,2304580,2302786,2322170,2334737,2366496,2383293,61916,78713,2.7,3.4
35072,Howardwick,370,378,386,388,382,379,12,9,3.2,2.4
35084,Howe,3571,3649,3705,3572,3594,3605,23,34,0.6,1
35180,Hubbard,1394,1399,1408,1429,1424,1422,30,28,2.2,2
35228,Hudson,4849,4993,5114,5196,5329,5396,480,547,9.9,11.3
35254,Hudson Oaks,2174,2454,2834,2535,2727,2823,553,649,25.4,29.9
35300,Hughes Springs,1575,1568,1557,1557,1518,1499,-57,-76,-3.6,-4.8
35348,Humble,16795,16583,16640,16537,16626,16676,-169,-119,-1,-0.7
35480,Hunters Creek Village,4385,4292,4360,4387,4372,4365,-13,-20,-0.3,-0.5
35492,Huntington,2025,2038,2044,2063,2077,2075,52,50,2.6,2.5
35528,Huntsville,45941,46224,46832,48213,49797,50791,3856,4850,8.4,10.6
35576,Hurst,40413,39972,39962,40220,40404,40488,-9,75,0,0.2
35612,Hutchins,5607,5583,5837,5958,6362,6564,755,957,13.5,17.1
35624,Hutto,27577,32041,35835,38567,42210,44022,14633,16445,53.1,59.6
35636,Huxley,361,361,365,378,369,365,8,4,2.2,1.1
35732,Idalou,2193,2164,2140,2121,2118,2117,-75,-76,-3.4,-3.5
35816,Impact,22,22,22,22,22,22,0,0,0,0
35918,Indian Lake,839,845,861,882,882,882,43,43,5.1,5.1
35984,Industry,268,272,276,278,278,278,10,10,3.7,3.7
36008,Ingleside,9519,9824,9965,10013,9969,9947,450,428,4.7,4.5
36020,Ingleside on the Bay,614,615,601,603,609,612,-5,-2,-0.8,-0.3
36032,Ingram,1787,1812,1826,1853,1815,1796,28,9,1.6,0.5
36068,Iola,311,311,314,317,325,329,14,18,4.5,5.8
36092,Iowa Colony,8154,10771,12582,14551,16577,17590,8423,9436,103.3,115.7
36104,Iowa Park,6535,6578,6608,6584,6611,6635,76,100,1.2,1.5
36128,Iraan,1055,1045,1020,1026,1072,1095,17,40,1.6,3.8
36140,Iredell,305,306,306,307,305,304,0,-1,0,-0.3
37000,Irving,256684,259126,261221,262681,263829,264403,7145,7719,2.8,3
37072,Italy,1926,1986,2013,2045,2061,2073,135,147,7,7.6
37084,Itasca,1562,1630,1744,1841,1878,1896,316,334,20.2,21.4
37112,Ivanhoe,1327,1342,1354,1378,1378,1378,51,51,3.8,3.8
37156,Jacinto City,9613,9451,9437,9362,9418,9446,-195,-167,-2,-1.7
37168,Jacksboro,4184,4212,4390,4247,4435,4527,251,343,6,8.2
37216,Jacksonville,13997,13962,14344,14579,14458,14412,461,415,3.3,3
37252,Jamaica Beach,1078,1072,1086,1100,1096,1094,18,16,1.7,1.5
37396,Jarrell,1753,2674,3598,4615,5185,5470,3432,3717,195.8,212
37420,Jasper,6884,7244,7329,7472,7621,7703,737,819,10.7,11.9
37468,Jayton,511,511,495,501,490,486,-21,-25,-4.1,-4.9
37528,Jefferson,1875,1871,1815,1898,1949,1972,74,97,3.9,5.2
37612,Jersey Village,7921,7781,7755,7979,7921,7892,0,-29,0,-0.4
37648,Jewett,793,803,819,832,826,823,33,30,4.2,3.8
37684,Joaquin,734,734,742,746,752,755,18,21,2.5,2.9
37780,Johnson City,1627,1706,1739,1776,1799,1811,172,184,10.6,11.3
37924,Jolly,172,179,192,194,179,172,7,0,4.1,0
37984,Jones Creek,1975,1961,1965,1958,2001,2023,26,48,1.3,2.4
38020,Jonestown,2365,2534,2664,2701,2833,2899,468,534,19.8,22.6
38068,Josephine,2119,3314,4691,5178,5307,5372,3188,3253,150.4,153.5
38080,Joshua,7891,8137,8696,8941,9139,9238,1248,1347,15.8,17.1
38116,Jourdanton,4094,4128,4258,4296,4320,4331,226,237,5.5,5.8
38248,Junction,2451,2466,2547,2541,2510,2495,59,44,2.4,1.8
38332,Justin,4409,5030,5358,5975,6388,6597,1979,2188,44.9,49.6
38452,Karnes City,3111,3091,3091,3193,3202,3214,91,103,2.9,3.3
38476,Katy,21894,23840,24570,25602,27275,28121,5381,6227,24.6,28.4
38488,Kaufman,6797,6968,7221,7559,7834,7969,1037,1172,15.3,17.2
38548,Keene,6387,6232,6717,6834,6795,6792,408,405,6.4,6.3
38632,Keller,45776,45686,46275,46659,46858,46933,1082,1157,2.4,2.5
38776,Kemah,1807,1793,2152,2869,3002,3069,1195,1262,66.1,69.8
38788,Kemp,1129,1124,1150,1175,1188,1187,59,58,5.2,5.1
38800,Kempner,1146,1170,1213,1242,1242,1242,96,96,8.4,8.4
38848,Kendleton,343,372,474,361,481,541,138,198,40.2,57.7
38860,Kenedy,3473,3428,3402,3449,3459,3462,-14,-11,-0.4,-0.3
38872,Kenefick,615,625,638,644,654,659,39,44,6.3,7.2
38884,Kennard,272,280,274,282,285,287,13,15,4.8,5.5
38896,Kennedale,8517,8711,9430,9900,9935,9956,1418,1439,16.6,16.9
38992,Kerens,1505,1462,1480,1510,1514,1508,9,3,0.6,0.2
39004,Kermit,6267,6178,6162,6165,6195,6210,-72,-57,-1.1,-0.9
39040,Kerrville,24278,24524,24700,24891,24767,24689,489,411,2,1.7
39124,Kilgore,13376,13509,13482,13713,13695,13680,319,304,2.4,2.3
39148,Killeen,153095,156912,159453,161867,158752,157201,5657,4106,3.7,2.7
39292,Kingsbury,132,130,145,138,141,143,9,11,6.8,8.3
39352,Kingsville,25402,25161,24875,25050,25143,25214,-259,-188,-1,-0.7
39448,Kirby,8142,8179,8179,8289,8248,8228,106,86,1.3,1.1
39460,Kirbyville,2036,2050,2029,2055,2005,1979,-31,-57,-1.5,-2.8
39520,Kirvin,101,105,105,106,106,106,5,5,5,5
39680,Knollwood,764,825,839,861,879,888,115,124,15.1,16.2
39700,Knox City,1065,1065,1043,1070,1026,1006,-39,-59,-3.7,-5.5
39844,Kosse,458,475,471,479,470,466,12,8,2.6,1.7
39868,Kountze,1981,2071,2072,2153,2123,2108,142,127,7.2,6.4
39904,Kress,596,601,586,600,596,594,0,-2,0,-0.3
39916,Krugerville,1766,1891,1921,1960,1998,2017,232,251,13.1,14.2
39928,Krum,5483,5823,6138,6532,7265,7632,1782,2149,32.5,39.2
39940,Kurten,395,394,402,404,404,404,9,9,2.3,2.3
39952,Kyle,45697,48555,50547,53124,55333,56442,9636,10745,21.1,23.5
40204,La Feria,6817,6786,6809,6802,6887,6930,70,113,1,1.7
40276,La Grange,4391,4438,4451,4461,4451,4446,60,55,1.4,1.3
40288,La Grulla,1222,1223,1225,1240,1219,1209,-3,-13,-0.2,-1.1
40384,La Joya,4457,4596,4670,4910,5126,5234,669,777,15,17.4
41116,La Marque,18030,18468,18992,19431,19639,19742,1609,1712,8.9,9.5
41440,La Porte,35124,36300,36331,36755,38304,39072,3180,3948,9.1,11.2
41764,La Vernia,1077,1147,1267,1401,1477,1514,400,437,37.1,40.6
41788,La Villa,2804,2904,2978,3080,3141,3172,337,368,12,13.1
41848,La Ward,176,185,189,198,196,195,20,19,11.4,10.8
40108,LaCoste,1077,1108,1126,1165,1173,1177,96,100,8.9,9.3
40168,Lacy-Lakeview,6988,7054,7104,7172,6981,6886,-7,-102,-0.1,-1.5
40180,Ladonia,597,600,606,615,618,620,21,23,3.5,3.9
40264,Lago Vista,8896,9606,10084,10423,11051,11365,2155,2469,24.2,27.8
40336,Laguna Vista,3520,3642,3766,3826,3878,3904,358,384,10.2,10.9
40450,Lake Bridgeport,339,352,358,375,366,362,27,23,8,6.8
40472,Lake City,447,452,464,466,467,468,20,21,4.5,4.7
40516,Lake Dallas,7708,7777,7803,7847,7948,7999,240,291,3.1,3.8
40588,Lake Jackson,28177,27784,27750,27751,28388,28701,211,524,0.7,1.9
40804,Lake Tanglewood,686,691,694,734,749,757,63,71,9.2,10.3
41056,Lake Worth,4711,4698,4894,5198,5205,5213,494,502,10.5,10.7
40696,Lakeport,976,985,992,993,1005,1011,29,35,3,3.6
40738,Lakeside (San Patricio),338,344,338,345,342,341,4,3,1.2,0.9
40744,Lakeside (Tarrant),1649,1623,1625,1643,1648,1651,-1,2,-0.1,0.1
40756,Lakeside City (Archer),1082,1130,1212,1281,1298,1307,216,225,20,20.8
40888,Lakeview,60,60,60,60,60,60,0,0,0,0
40984,Lakeway,19189,19529,19613,19450,20078,20392,889,1203,4.6,6.3
41050,Lakewood Village,635,651,651,657,649,645,14,10,2.2,1.6
41164,Lamesa,8674,8664,8401,8394,8137,8011,-537,-663,-6.2,-7.6
41188,Lampasas,7291,7441,7527,7645,7682,7691,391,400,5.4,5.5
41212,Lancaster,41275,40557,40851,41130,41336,41423,61,148,0.1,0.4
41464,Laredo,255205,257028,259768,262703,264707,265680,9502,10475,3.7,4.1
41644,Latexo,232,237,233,234,235,236,3,4,1.3,1.7
41800,Lavon,4469,5500,6523,7481,8673,9269,4204,4800,94.1,107.4
41872,Lawn,311,310,309,313,316,318,5,7,1.6,2.3
41980,League City,114392,116375,117655,116283,117338,117859,2946,3467,2.6,3
42004,Leakey,315,319,324,327,319,315,4,0,1.3,0
42016,Leander,59202,66667,72905,78042,81349,83007,22147,23805,37.4,40.2
42028,Leary,433,437,448,454,457,459,24,26,5.5,6
42148,Lefors,420,420,419,423,421,420,1,0,0.2,0
42388,Leon Valley,11542,11552,11527,11632,11575,11547,33,5,0.3,0
42340,Leona,151,157,164,163,167,169,16,18,10.6,11.9
42352,Leonard,1987,2005,2036,2065,2076,2082,89,95,4.5,4.8
42400,Leroy,354,354,355,357,354,353,0,-1,0,-0.3
42448,Levelland,12652,12602,12366,12596,12436,12375,-216,-277,-1.7,-2.2
42508,Lewisville,111822,128316,134026,135744,137843,138896,26021,27074,23.3,24.2
42532,Lexington,1217,1250,1276,1292,1302,1307,85,90,7,7.4
42568,Liberty,8279,8351,8427,8466,8560,8613,281,334,3.4,4
42664,Liberty Hill,3646,7500,9667,12451,14053,14854,10407,11208,285.4,307.4
42820,Lindale,6059,6381,6633,6902,7009,7052,950,993,15.7,16.4
42844,Linden,1825,1826,1811,1823,1832,1837,7,12,0.4,0.7
42868,Lindsay,1045,1064,1095,1192,1202,1207,157,162,15,15.5
42940,Lipan,505,509,506,512,508,506,3,1,0.6,0.2
43012,Little Elm,46453,51519,54720,57112,59160,60184,12707,13731,27.4,29.6
43066,Little River-Academy,1992,2032,2019,2017,2073,2101,81,109,4.1,5.5
43024,Littlefield,5943,5850,5769,5778,5727,5704,-216,-239,-3.6,-4
43096,Live Oak,15781,16011,16153,16409,16451,16476,670,695,4.2,4.4
43120,Liverpool,475,491,498,505,506,507,31,32,6.5,6.7
43132,Livingston,5640,5724,5724,5787,5581,5476,-59,-164,-1,-2.9
43144,Llano,3325,3392,3455,3478,3476,3480,151,155,4.5,4.7
43240,Lockhart,14379,14653,14930,16534,17920,18591,3541,4212,24.6,29.3
43252,Lockney,1498,1481,1453,1448,1407,1387,-91,-111,-6.1,-7.4
43354,Log Cabin,678,745,773,800,834,851,156,173,23,25.5
43516,Lometa,753,756,1061,1475,1151,989,398,236,52.9,31.3
43636,Lone Oak,643,701,709,739,754,762,111,119,17.3,18.5
43684,Lone Star,1400,1404,1409,1407,1415,1419,15,19,1.1,1.4
43888,Longview,81638,82279,82568,83779,83448,83294,1810,1656,2.2,2
43996,Loraine,504,504,504,511,507,505,3,1,0.6,0.2
44020,Lorena,1785,1790,1777,1831,1786,1764,1,-21,0.1,-1.2
44032,Lorenzo,964,960,945,928,968,988,4,24,0.4,2.5
44116,Los Fresnos,8114,8122,8261,8411,8474,8506,360,392,4.4,4.8
44128,Los Indios,1008,1009,1006,1024,1043,1053,35,45,3.5,4.5
44170,Los Ybanez,28,28,27,27,26,26,-2,-2,-7.1,-7.1
44176,Lott,644,658,654,662,664,665,20,21,3.1,3.3
44260,Lovelady,570,577,580,587,588,589,18,19,3.2,3.3
44308,Lowry Crossing,1689,1698,1712,1839,2067,2181,378,492,22.4,29.1
45000,Lubbock,257141,261929,264890,267554,270226,271895,13085,14754,5.1,5.7
45012,Lucas,7612,7991,8311,8502,8562,8592,950,980,12.5,12.9
45048,Lueders,258,259,259,260,264,266,6,8,2.3,3.1
45072,Lufkin,34143,34058,33993,34414,34286,34216,143,73,0.4,0.2
45096,Luling,5599,5568,5463,5802,5788,5780,189,181,3.4,3.2
45120,Lumberton,13554,13763,14010,14188,14243,14270,689,716,5.1,5.3
45228,Lyford,2249,2272,2277,2222,2245,2257,-4,8,-0.2,0.4
45288,Lytle,2914,2977,3052,3184,3225,3251,311,337,10.7,11.6
45324,Mabank,4050,4449,4655,5324,5801,6039,1751,1989,43.2,49.1
45996,Madisonville,4420,4458,4466,4481,4458,4447,38,27,0.9,0.6
46056,Magnolia,2359,2938,3934,5235,5959,6321,3600,3962,152.6,168
46224,Malakoff,2179,2175,2193,2186,2169,2166,-10,-13,-0.5,-0.6
46260,Malone,237,240,245,245,247,248,10,11,4.2,4.6
46440,Manor,13652,16453,18091,19691,21494,22396,7842,8744,57.4,64
46452,Mansfield,72602,76028,79148,82822,84814,85811,12212,13209,16.8,18.2
46500,Manvel,9992,12713,14928,17255,19107,20033,9115,10041,91.2,100.5
46584,Marble Falls,7037,7172,7390,8649,9505,9928,2468,2891,35.1,41.1
46620,Marfa,1788,1774,1783,1754,1790,1808,2,20,0.1,1.1
46668,Marietta,115,115,114,114,115,116,0,1,0,0.9
46692,Marion,1034,1044,1057,1112,1037,1000,3,-34,0.3,-3.3
46740,Marlin,5462,5457,5471,5498,5466,5448,4,-14,0.1,-0.3
46752,Marquez,181,189,194,197,197,197,16,16,8.8,8.8
46776,Marshall,23392,23571,23628,24297,24065,23992,673,600,2.9,2.6
46824,Mart,1748,1766,1804,1794,1823,1838,75,90,4.3,5.1
46848,Martindale,1253,1236,1205,1286,1285,1285,32,32,2.6,2.6
46968,Mason,2121,2104,2163,2079,2120,2141,-1,20,0,0.9
47004,Matador,569,568,550,548,551,550,-18,-19,-3.2,-3.3
47040,Mathis,4333,4356,4264,4289,4313,4325,-20,-8,-0.5,-0.2
47088,Maud,977,977,984,1011,1013,1014,36,37,3.7,3.8
47268,Maypearl,939,950,958,959,958,958,19,19,2,2
45384,McAllen,142210,143851,146027,149137,151903,153280,9693,11070,6.8,7.8
45432,McCamey,1831,1812,1811,1807,1821,1829,-10,-2,-0.5,-0.1
45672,McGregor,5321,5497,5723,5809,5898,5942,577,621,10.8,11.7
45744,McKinney,195308,202267,212944,218559,226004,229734,30696,34426,15.7,17.6
45780,McLean,665,664,659,646,653,661,-12,-4,-1.8,-0.6
45804,McLendon-Chisholm,3562,4112,4456,4938,5293,5471,1731,1909,48.6,53.6
47316,Meadow,601,601,615,618,619,620,18,19,3,3.2
47330,Meadowlakes,1907,1941,1903,1903,1878,1866,-29,-41,-1.5,-2.1
47337,Meadows Place,4767,4680,4777,4521,4523,4524,-244,-243,-5.1,-5.1
47460,Megargel,174,174,174,177,175,174,1,0,0.6,0
47496,Melissa,13901,17076,19682,22554,24983,26198,11082,12297,79.7,88.5
47568,Melvin,123,123,123,120,120,120,-3,-3,-2.4,-2.4
47616,Memphis,2048,2045,2054,2064,2043,2036,-5,-12,-0.2,-0.6
47628,Menard,1348,1361,1349,1381,1275,1221,-73,-127,-5.4,-9.4
47700,Mercedes,16258,16515,16772,17349,17861,18116,1603,1858,9.9,11.4
47760,Meridian,1396,1399,1395,1408,1394,1390,-2,-6,-0.1,-0.4
47796,Merkel,2471,2439,2434,2446,2468,2480,-3,9,-0.1,0.4
47820,Mertens,144,147,147,151,144,141,0,-3,0,-2.1
47832,Mertzon,747,774,758,764,761,760,14,13,1.9,1.7
47892,Mesquite,150108,151369,152255,151659,154453,155822,4345,5714,2.9,3.8
47916,Mexia,6893,6905,6940,6949,6933,6889,40,-4,0.6,-0.1
47988,Miami,539,534,534,545,542,541,3,2,0.6,0.4
48072,Midland,132524,131618,134403,139115,142234,143797,9710,11273,7.3,8.5
48096,Midlothian,35125,37297,38250,40682,43507,44897,8382,9772,23.9,27.8
48180,Midway,173,179,185,184,183,183,10,10,5.8,5.8
48336,Milano,390,404,408,418,422,424,32,34,8.2,8.7
48372,Mildred,399,408,406,413,414,415,15,16,3.8,4
48396,Miles,875,901,919,947,940,937,65,62,7.4,7.1
48408,Milford,722,734,754,781,796,804,74,82,10.2,11.4
48478,Miller's Cove,71,76,77,78,78,78,7,7,9.9,9.9
48564,Millsap,370,377,377,384,394,399,24,29,6.5,7.8
48648,Mineola,4823,4909,4977,5137,5150,5148,327,325,6.8,6.7
48684,Mineral Wells,14820,14919,15207,15576,15591,15595,771,775,5.2,5.2
48720,Mingus,223,225,226,230,230,230,7,7,3.1,3.1
48768,Mission,85778,86298,86810,88359,90021,90848,4243,5070,4.9,5.9
48804,Missouri City,74259,75321,74872,75443,82242,82642,7983,8383,10.8,11.3
48852,Mobeetie,87,85,85,85,85,85,-2,-2,-2.3,-2.3
48858,Mobile City,142,150,157,168,171,173,29,31,20.4,21.8
48936,Monahans,7836,7444,7806,7786,7862,7898,26,62,0.3,0.8
49068,Mont Belvieu,7654,8331,8846,9380,10250,10685,2596,3031,33.9,39.6
49128,Montgomery,1948,2264,2394,2708,2771,2803,823,855,42.2,43.9
49200,Moody,1376,1389,1428,1430,1459,1474,83,98,6,7.1
49272,Moore Station,160,163,162,165,164,164,4,4,2.5,2.5
49320,Moran,226,226,232,240,226,219,0,-7,0,-3.1
49356,Morgan,454,458,463,470,471,472,17,18,3.7,4
49380,Morgan's Point,273,273,270,270,278,282,5,9,1.8,3.3
49392,Morgan's Point Resort,4636,4754,4711,4700,4785,4828,149,192,3.2,4.1
49464,Morton,1690,1706,1717,1715,1737,1748,47,58,2.8,3.4
49560,Moulton,854,859,855,861,851,851,-3,-3,-0.4,-0.4
49692,Mount Calm,282,286,296,301,301,301,19,19,6.7,6.7
49728,Mount Enterprise,505,506,507,509,505,503,0,-2,0,-0.4
49800,Mount Pleasant,16047,15936,16009,16193,16191,16183,144,136,0.9,0.8
49860,Mount Vernon,2491,2515,2532,2549,2545,2542,54,51,2.2,2
49600,Mountain City,622,626,627,629,625,623,3,1,0.5,0.2
49932,Muenster,1536,1566,1584,1632,1653,1664,117,128,7.6,8.3
49968,Muleshoe,5160,5091,5077,5046,5178,5247,18,87,0.3,1.7
49992,Mullin,130,130,130,131,130,130,0,0,0,0
50040,Munday,1246,1245,1219,1214,1210,1209,-36,-37,-2.9,-3
50076,Murchison,516,521,524,523,521,520,5,4,1,0.8
50100,Murphy,21013,21132,21173,21278,21222,21194,209,181,1,0.9
50200,Mustang Ridge,944,980,972,1253,1447,1544,503,600,53.3,63.6
50256,Nacogdoches,32147,32305,31381,31961,31998,31939,-149,-208,-0.5,-0.6
50316,Naples,1387,1391,1401,1410,1400,1395,13,8,0.9,0.6
50352,Nash,3814,3916,4189,4311,4350,4370,536,556,14.1,14.6
50376,Nassau Bay,5347,5254,5233,5207,5233,5246,-114,-101,-2.1,-1.9
50400,Natalia,1202,1251,1283,1314,1325,1331,123,129,10.2,10.7
50448,Navarro,232,238,241,242,243,244,11,12,4.7,5.2
50472,Navasota,7643,7968,8287,8701,9255,9534,1612,1891,21.1,24.7
50496,Nazareth,310,309,315,311,313,314,3,4,1,1.3
50580,Nederland,18856,18584,18439,18411,18500,18545,-356,-311,-1.9,-1.6
50628,Needville,3089,3058,3163,3204,3078,3011,-11,-78,-0.4,-2.5
50724,Nesbitt,273,273,273,264,270,273,-3,0,-1.1,0
50760,Nevada,1314,1315,1356,1447,1504,1535,190,221,14.5,16.8
50796,New Berlin,656,685,729,720,739,749,83,93,12.7,14.2
50808,New Boston,4612,4142,3849,3974,4306,4301,-306,-311,-6.6,-6.7
50820,New Braunfels,90403,98340,103577,110507,113280,114642,22877,24239,25.3,26.8
50876,New Chapel Hill,620,628,638,640,635,633,15,13,2.4,2.1
50916,New Deal,730,743,747,759,770,776,40,46,5.5,6.3
50920,New Fairview,1386,1777,1853,1891,1656,1539,270,153,19.5,11
51012,New Home,326,338,339,336,344,348,18,22,5.5,6.7
51036,New Hope,661,670,669,663,675,681,14,20,2.1,3
51168,New London,958,968,970,976,973,972,15,14,1.6,1.5
51336,New Summerfield,843,860,874,896,901,904,58,61,6.9,7.2
51396,New Waverly,914,924,939,957,957,957,43,43,4.7,4.7
50772,Newark,1096,1143,1174,1237,1200,1182,104,86,9.5,7.8
50868,Newcastle,526,536,539,549,552,554,26,28,4.9,5.3
51372,Newton,1633,1646,1557,1584,1560,1543,-73,-90,-4.5,-5.5
51444,Neylandville,67,67,67,69,68,68,1,1,1.5,1.5
51492,Niederwald,668,684,695,710,744,761,76,93,11.4,13.9
51588,Nixon,2341,2329,2365,2364,2417,2444,76,103,3.2,4.4
51648,Nocona,3002,3009,3117,3187,3256,3286,254,284,8.5,9.5
51708,Nolanville,5917,6260,6723,7019,7121,7172,1204,1255,20.3,21.2
51720,Nome,469,462,459,460,473,480,4,11,0.9,2.3
51756,Noonday,612,655,701,786,777,773,165,161,27,26.3
51792,Nordheim,336,338,336,348,348,348,12,12,3.6,3.6
51840,Normangee,495,504,519,529,538,543,43,48,8.7,9.7
51984,North Cleveland,225,230,234,235,238,240,13,15,5.8,6.7
52356,North Richland Hills,69917,69940,70877,72249,73717,74449,3800,4532,5.4,6.5
52212,Northlake,5201,7494,9493,10399,12048,12873,6847,7672,131.6,147.5
52668,Novice,122,125,125,128,127,127,5,5,4.1,4.1
53304,O'Brien,91,91,91,91,91,91,0,0,0,0
53436,O'Donnell,704,705,706,709,718,723,14,19,2,2.7
52902,Oak Grove,617,636,646,661,664,666,47,49,7.6,7.9
53115,Oak Leaf,1552,1606,1638,1703,1670,1652,118,100,7.6,6.4
53130,Oak Point,4357,4889,5321,5779,6017,6136,1660,1779,38.1,40.8
53154,Oak Ridge (Cooke),242,266,270,287,301,308,59,66,24.4,27.3
53160,Oak Ridge (Kaufman),771,864,1028,1151,1219,1253,448,482,58.1,62.5
53190,Oak Ridge North,3057,3058,2954,2957,3067,3122,10,65,0.3,2.1
53217,Oak Valley,406,415,422,425,428,430,22,24,5.4,5.9
53232,Oakwood,389,395,402,406,408,409,19,20,4.9,5.1
53376,Odem,2255,2279,2234,2310,2272,2253,17,-2,0.8,-0.1
53388,Odessa,114428,112049,117813,119235,122426,123984,7998,9556,7,8.4
53520,Oglesby,441,445,441,439,445,448,4,7,0.9,1.6
53824,Old River-Winfree,1315,1349,1390,1430,1531,1582,216,267,16.4,20.3
53988,Olmos Park,2180,2170,2171,2189,2179,2174,-1,-6,0,-0.3
54000,Olney,3007,3006,3003,3020,3001,2991,-6,-16,-0.2,-0.5
54012,Olton,1989,1980,1920,1943,1924,1917,-65,-72,-3.3,-3.6
54024,Omaha,936,938,941,942,951,956,15,20,1.6,2.1
54048,Onalaska,3020,3144,3163,3229,3257,3271,237,251,7.8,8.3
54075,Opdyke West,220,226,229,231,237,240,17,20,7.7,9.1
54132,Orange,19324,19279,19359,19102,19413,19569,89,245,0.5,1.3
54168,Orange Grove,1165,1182,1189,1194,1191,1190,26,25,2.2,2.1
54192,Orchard,313,311,312,319,328,333,15,20,4.8,6.4
54216,Ore City,1108,1122,1142,1196,1216,1226,108,118,9.7,10.6
54432,Overton,2275,2281,2301,2298,2294,2293,19,18,0.8,0.8
54444,Ovilla,4304,4377,4426,4725,4768,4790,464,486,10.8,11.3
54528,Oyster Creek,1173,1178,1198,1208,1212,1213,39,40,3.3,3.4
54600,Paducah,1063,1064,1022,1033,970,939,-93,-124,-8.7,-11.7
54636,Paint Rock,237,244,246,245,249,251,12,14,5.1,5.9
54684,Palacios,4395,4398,4373,4395,4341,4314,-54,-81,-1.2,-1.8
54708,Palestine,18544,18766,19006,19635,19761,19832,1217,1288,6.6,6.9
54726,Palisades,268,272,276,283,283,283,15,15,5.6,5.6
54798,Palm Valley,1413,1389,1380,1370,1363,1360,-50,-53,-3.5,-3.8
54744,Palmer,2393,2451,2473,2528,2587,2617,194,224,8.1,9.4
54780,Palmhurst,2601,2607,2617,2649,2678,2693,77,92,3,3.5
54804,Palmview,15830,15752,15754,15958,16293,16461,463,631,2.9,4
54912,Pampa,16867,16561,16489,16478,16416,16387,-451,-480,-2.7,-2.8
54960,Panhandle,2378,2354,2406,2421,2340,2300,-38,-78,-1.6,-3.3
55008,Panorama Village,2515,2531,2547,2565,2563,2562,48,47,1.9,1.9
55020,Pantego,2568,2523,2519,2538,2538,2538,-30,-30,-1.2,-1.2
55056,Paradise,475,528,611,690,698,702,223,227,46.9,47.8
55080,Paris,24476,24398,24855,25103,25028,24995,552,519,2.3,2.1
55152,Parker,5462,5846,6040,6240,6242,6243,780,781,14.3,14.3
56000,Pasadena,151950,149704,149393,148426,149565,150143,-2385,-1807,-1.6,-1.2
56108,Pattison,547,572,591,604,608,610,61,63,11.2,11.5
56156,Patton Village,1647,1697,1706,1727,1699,1685,52,38,3.2,2.3
56276,Payne Springs,741,762,781,832,846,853,105,112,14.2,15.1
56348,Pearland,125828,126085,126808,130893,132044,132587,6216,6759,4.9,5.4
56384,Pearsall,7325,7393,7458,7560,7833,7964,508,639,6.9,8.7
56432,Peaster,,642,644,647,634,634,634,634,,
56468,Pecan Gap,178,178,181,183,183,184,5,6,2.8,3.4
56485,Pecan Hill,735,742,745,748,749,750,14,15,1.9,2
56640,Pelican Bay,2049,2242,2447,2645,2761,2819,712,770,34.7,37.6
56672,Penelope,180,180,180,181,180,180,0,0,0,0
56696,Penitas,6460,6374,6388,6485,6565,6606,105,146,1.6,2.3
56912,Perryton,8492,8349,8074,8186,8241,8268,-251,-224,-3,-2.6
56996,Petersburg,1014,998,981,981,975,972,-39,-42,-3.8,-4.1
57044,Petrolia,514,519,517,534,539,542,25,28,4.9,5.4
57056,Petronila,89,89,89,89,87,86,-2,-3,-2.2,-3.4
57176,Pflugerville,65191,67373,69408,71321,72047,72407,6856,7216,10.5,11.1
57200,Pharr,79715,80137,81021,82293,83604,84260,3889,4545,4.9,5.7
57476,Pilot Point,4381,4698,5381,6192,6876,7216,2495,2835,57,64.7
57524,Pine Forest,499,504,497,511,495,487,-4,-12,-0.8,-2.4
57615,Pine Island,1077,1096,1113,1128,1121,1118,44,41,4.1,3.8
57608,Pinehurst,2232,2202,2197,2262,2256,2253,24,21,1.1,0.9
57644,Pineland,888,901,893,919,900,891,12,3,1.4,0.3
57800,Piney Point Village,3128,3106,3120,3118,3150,3166,22,38,0.7,1.2
57908,Pittsburg,4335,4302,4296,4443,4418,4409,83,74,1.9,1.7
57968,Plains,1355,1341,1318,1333,1383,1408,28,53,2.1,3.9
57980,Plainview,20187,19822,19484,19464,19457,19361,-730,-826,-3.6,-4.1
58016,Plano,285494,288735,292452,294292,293286,292788,7792,7294,2.7,2.6
58040,Plantersville,464,469,478,558,519,500,55,36,11.9,7.8
58088,Pleak,971,985,1012,1016,1014,1013,43,42,4.4,4.3
58400,Pleasant Valley,357,359,357,375,371,369,14,12,3.9,3.4
58280,Pleasanton,10648,10800,11010,11216,11260,11279,612,631,5.7,5.9
58448,Plum Grove,1245,1265,1293,1305,1336,1352,91,107,7.3,8.6
58502,Poetry,,,1505,1568,1559,1555,1559,1555,,
58532,Point,745,755,763,789,830,851,85,106,11.4,14.2
58556,Point Blank,643,653,662,663,664,665,21,22,3.3,3.4
58568,Point Comfort,603,587,576,574,570,568,-33,-35,-5.5,-5.8
58586,Point Venture,1260,1273,1300,1302,1352,1377,92,117,7.3,9.3
58664,Ponder,2442,2431,2571,2704,2714,2719,272,277,11.1,11.3
58808,Port Aransas,2904,3364,3825,4287,4668,4859,1764,1955,60.7,67.3
58820,Port Arthur,56039,56520,55231,55060,55565,55830,-474,-209,-0.8,-0.4
58892,Port Isabel,5028,5054,5182,5248,5265,5274,237,246,4.7,4.9
58916,Port Lavaca,11557,11422,11267,11240,11196,11178,-361,-379,-3.1,-3.3
58940,Port Neches,13692,13527,13497,13523,13608,13651,-84,-41,-0.6,-0.3
58904,Portland,20383,20669,20357,21333,21445,21503,1062,1120,5.2,5.5
59012,Post,4790,4776,4912,4671,4506,4422,-284,-368,-5.9,-7.7
59065,Post Oak Bend,683,712,719,894,943,968,260,285,38.1,41.7
59084,Poteet,2795,2853,2901,2942,2947,2950,152,155,5.4,5.5
59096,Poth,1819,1870,1896,1921,1922,1923,103,104,5.7,5.7
59132,Pottsboro,2488,2592,2734,2801,2826,2839,338,351,13.6,14.1
59168,Powell,99,99,99,99,99,99,0,0,0,0
59192,Poynor,287,289,288,289,287,286,0,-1,0,-0.3
59336,Prairie View,8184,8314,8408,8344,8797,8988,613,804,7.5,9.8
59384,Premont,2455,2447,2456,2464,2453,2448,-2,-7,-0.1,-0.3
59396,Presidio,3264,3308,3264,3203,3266,3298,2,34,0.1,1
59540,Primera,5257,5256,5309,5357,5417,5447,160,190,3,3.6
59576,Princeton,17027,20495,24514,30104,35775,38613,18748,21586,110.1,126.8
59636,Progreso,4807,4869,4991,5114,5162,5186,355,379,7.4,7.9
59642,Progreso Lakes,257,264,270,277,285,289,28,32,10.9,12.5
59696,Prosper,30174,34070,38569,41385,43519,44586,13345,14412,44.2,47.8
59748,Providence Village,7691,7840,8625,9488,10458,10943,2767,3252,36,42.3
59984,Putnam,63,64,64,64,63,63,0,0,0,0
59996,Pyote,72,69,70,69,73,75,1,3,1.4,4.2
60044,Quanah,2279,2282,2266,2236,2170,2137,-109,-142,-4.8,-6.2
60080,Queen City,1397,1398,1426,1472,1460,1454,63,57,4.5,4.1
60140,Quinlan,1414,1440,1488,1543,1549,1552,135,138,9.5,9.8
60164,Quintana,26,25,23,26,25,25,-1,-1,-3.8,-3.8
60176,Quitaque,342,338,347,348,348,348,6,6,1.8,1.8
60188,Quitman,1942,1932,1951,1954,1954,1950,12,8,0.6,0.4
60356,Ralls,1665,1636,1598,1556,1615,1643,-50,-22,-3,-1.3
60544,Rancho Viejo,2838,2851,2873,2881,2887,2890,49,52,1.7,1.8
60632,Ranger,2300,2270,2287,2338,2291,2300,-9,0,-0.4,0
60644,Rangerville,255,255,255,246,255,260,0,5,0,2
60668,Rankin,780,768,768,760,768,772,-12,-8,-1.5,-1
60672,Ransom Canyon,1189,1177,1169,1166,1165,1165,-24,-24,-2,-2
60752,Ravenna,175,177,179,182,185,187,10,12,5.7,6.9
60836,Raymondville,10236,10270,10165,10180,10213,10229,-23,-7,-0.2,-0.1
61172,Red Lick,946,963,964,961,946,939,0,-7,0,-0.7
61196,Red Oak,14222,15630,17241,18787,19086,19232,4864,5010,34.2,35.2
61340,Redwater,853,854,859,862,866,868,13,15,1.5,1.8
61436,Refugio,2712,2749,2755,2765,2792,2801,80,89,2.9,3.3
61508,Reklaw,332,335,339,342,342,343,10,11,3,3.3
61592,Reno (Lamar),3454,3471,3504,3537,3543,3546,89,92,2.6,2.7
61604,"Reno (Parker, Tarrant)",2878,3146,3252,3410,3630,3741,752,863,26.1,30
61616,Retreat,410,425,433,432,443,449,33,39,8,9.5
61700,Rhome,1630,1712,1755,1846,1807,1788,177,158,10.9,9.7
61736,Rice,1203,1255,1270,1287,1298,1304,95,101,7.9,8.4
61796,Richardson,119469,118343,119598,119492,119061,119151,-408,-318,-0.3,-0.3
61820,Richland,255,260,259,268,271,273,16,18,6.3,7.1
61844,Richland Hills,8621,8476,8461,8613,8685,8720,64,99,0.7,1.1
61880,Richland Springs,244,244,248,246,244,243,0,-1,0,-0.4
61892,Richmond,11627,11806,12237,12674,12770,12813,1143,1186,9.8,10.2
61904,Richwood,4781,4755,4777,4764,4901,4970,120,189,2.5,4
62108,Riesel,1062,1056,1081,1094,1069,1057,7,-5,0.7,-0.5
62138,Rio Bravo,4450,4396,4384,4371,4331,4311,-119,-139,-2.7,-3.1
62168,Rio Grande City,15317,15537,15901,16088,15887,15784,570,467,3.7,3
62180,Rio Hondo,2021,2037,2139,2201,2199,2198,178,177,8.8,8.8
62240,Rio Vista,1008,1078,1137,1186,1171,1164,163,156,16.2,15.5
62252,Rising Star,756,761,770,770,769,770,13,14,1.7,1.9
62384,River Oaks,7646,7510,7508,7568,7568,7568,-78,-78,-1,-1
62408,Riverside,522,530,543,551,557,560,35,38,6.7,7.3
62486,Road Runner,766,775,795,810,808,807,42,41,5.5,5.4
62504,Roanoke,9665,9883,10043,10628,10720,10766,1055,1101,10.9,11.4
62528,Roaring Springs,217,217,212,210,210,210,-7,-7,-3.2,-3.2
62564,Robert Lee,1027,1034,1033,1043,1038,1037,11,10,1.1,1
62588,Robinson,12443,12783,12986,13186,12911,12774,468,331,3.8,2.7
62600,Robstown,10143,10178,10201,10257,10184,10149,41,6,0.4,0.1
62612,Roby,591,597,583,582,592,597,1,6,0.2,1
62636,Rochester,248,246,248,246,248,249,0,1,0,0.4
62672,Rockdale,5323,5344,5333,5338,5365,5378,42,55,0.8,1
62804,Rockport,10070,10627,10978,10970,11508,11779,1438,1709,14.3,17
62816,Rocksprings,874,889,865,854,861,865,-13,-9,-1.5,-1
62828,Rockwall,47251,48560,49552,51173,51315,51395,4064,4144,8.6,8.8
62870,Rocky Mound,78,78,78,99,99,99,21,21,26.9,26.9
62924,Rogers,1113,1127,1105,1109,1115,1118,2,5,0.2,0.4
63008,Rollingwood,1467,1423,1468,1478,1390,1346,-77,-121,-5.2,-8.2
63020,Roma,11561,11668,11469,11794,11635,11556,74,-5,0.6,0
63044,Roman Forest,1781,1957,2189,2337,2395,2424,614,643,34.5,36.1
63140,Ropesville,430,442,452,462,471,476,41,46,9.5,10.7
63176,Roscoe,1271,1261,1256,1244,1254,1259,-17,-12,-1.3,-0.9
63200,Rose City,326,328,337,341,341,341,15,15,4.6,4.6
63272,Rose Hill Acres,325,326,336,333,328,326,3,1,0.9,0.3
63188,Rosebud,1296,1306,1318,1321,1309,1305,13,9,1,0.7
63284,Rosenberg,38282,39552,39812,40734,41965,42574,3683,4292,9.6,11.2
63380,Ross,245,246,248,247,245,244,0,-1,0,-0.4
63404,Rosser,301,317,324,341,340,340,39,39,13,13
63464,Rotan,1332,1347,1306,1303,1338,1356,6,24,0.5,1.8
63476,Round Mountain,101,101,102,104,104,104,3,3,3,3
63500,Round Rock,119468,125324,125403,130453,135983,138730,16515,19262,13.8,16.1
63524,Round Top,87,89,90,95,94,94,7,7,8,8
63572,Rowlett,62535,64205,64542,65530,67317,68213,4782,5678,7.6,9.1
63584,Roxton,548,544,551,557,555,554,7,6,1.3,1.1
63668,Royse City,13508,17176,19855,22375,23140,23522,9632,10014,71.3,74.1
63752,Rule,561,562,561,558,559,560,-2,-1,-0.4,-0.2
63782,Runaway Bay,1546,1667,1828,2001,1995,1992,449,446,29,28.8
63788,Runge,892,898,905,915,908,905,16,13,1.8,1.5
63848,Rusk,5285,5353,5310,5358,5369,5370,84,85,1.6,1.6
64004,Sabinal,1364,1373,1384,1385,1377,1373,13,9,1,0.7
64064,Sachse,27103,27888,28844,29163,29170,29174,2067,2071,7.6,7.6
64088,Sadler,336,337,340,343,325,316,-11,-20,-3.3,-6
64112,Saginaw,23890,24122,25071,25389,25799,25982,1909,2092,8,8.8
64268,Salado,2394,2384,2382,2425,2497,2533,103,139,4.3,5.8
64472,San Angelo,99893,99878,98563,99891,100771,101173,878,1280,0.9,1.3
65000,San Antonio,1434625,1455635,1472257,1497906,1535884,1554626,101259,120001,7.1,8.4
65024,San Augustine,1920,1937,1932,1915,1889,1883,-31,-37,-1.6,-1.9
65036,San Benito,24861,24690,24713,24749,24804,24814,-57,-47,-0.2,-0.2
65180,San Diego,3748,3754,3634,3630,3620,3622,-128,-126,-3.4,-3.4
65360,San Elizario,10116,10168,10076,10355,10274,10234,158,118,1.6,1.2
65372,San Felipe,691,704,715,729,742,749,51,58,7.4,8.4
65516,San Juan,35294,35493,35903,36317,36952,37270,1658,1976,4.7,5.6
65552,San Leanna,522,523,520,521,541,551,19,29,3.6,5.6
65600,San Marcos,67553,72414,77141,79277,84238,85901,16685,18348,24.7,27.2
65612,San Patricio,384,419,431,447,459,465,75,81,19.5,21.1
65636,San Perlita,538,543,547,542,546,548,8,10,1.5,1.9
65648,San Saba,3117,3108,3143,3134,3037,2988,-80,-129,-2.6,-4.1
65066,Sanctuary,337,337,338,340,345,348,8,11,2.4,3.3
65344,Sandy Oaks,5075,5218,5348,5484,5645,5726,570,651,11.2,12.8
65345,Sandy Point,207,207,207,211,207,205,0,-2,0,-1
65384,Sanford,132,132,132,128,129,130,-3,-2,-2.3,-1.5
65408,Sanger,8839,9481,9703,9790,10241,10467,1402,1628,15.9,18.4
65660,Sansom Park,5454,5393,5403,5463,5493,5508,39,54,0.7,1
65672,Santa Anna,1014,1019,1034,1028,1080,1106,66,92,6.5,9.1
65690,Santa Clara,778,782,788,742,753,759,-25,-19,-3.2,-2.4
65726,Santa Fe,12735,12759,12867,13028,13083,13111,348,376,2.7,3
65768,Santa Rosa,2450,2412,2400,2381,2372,2368,-78,-82,-3.2,-3.3
66008,Savoy,712,721,733,732,727,732,15,20,2.1,2.8
66128,Schertz,42002,42598,42824,44866,45386,45742,3384,3740,8.1,8.9
66188,Schulenburg,2633,2698,2734,2773,2799,2804,166,171,6.3,6.5
66284,Scotland,413,418,418,426,420,417,7,4,1.7,1
66332,Scottsville,334,334,335,337,334,333,0,-1,0,-0.3
66368,Scurry,688,696,712,715,696,687,8,-1,1.2,-0.1
66392,Seabrook,13618,13621,13736,13737,13918,14009,300,391,2.2,2.9
66416,Seadrift,995,1014,1012,1049,1068,1078,73,83,7.3,8.3
66428,Seagoville,18446,19038,19601,19760,20482,20842,2036,2396,11,13
66440,Seagraves,2153,2170,2157,2170,2159,2154,6,1,0.3,0
66464,Sealy,6839,6795,6992,7272,7472,7569,633,730,9.3,10.7
66644,Seguin,29433,31834,35113,35744,37157,37937,7724,8504,26.2,28.9
66704,Selma,10952,11313,11430,11437,12169,12538,1217,1586,11.1,14.5
66764,Seminole,6988,7020,7048,7135,7117,7109,129,121,1.8,1.7
66884,Seven Oaks,68,68,68,68,68,68,0,0,0,0
66908,Seven Points,1370,1403,1448,1471,1520,1545,150,175,10.9,12.8
66968,Seymour,2575,2582,2592,2605,2618,2626,43,51,1.7,2
67100,Shady Shores,2764,2875,2927,2935,3010,3048,246,284,8.9,10.3
67136,Shallowater,2964,2956,2952,2947,2953,2956,-11,-8,-0.4,-0.3
67160,Shamrock,1789,1760,1756,1748,1755,1759,-34,-30,-1.9,-1.7
67268,Shavano Park,3524,3609,3702,3812,3830,3837,306,313,8.7,8.9
67400,Shenandoah,3499,3646,3649,3739,3738,3738,239,239,6.8,6.8
67424,Shepherd,2105,2111,2067,2136,2279,2357,174,252,8.3,12
67496,Sherman,43645,45170,45680,47665,48820,49381,5175,5736,11.9,13.1
67640,Shiner,2127,2162,2176,2164,2202,2224,75,97,3.5,4.6
67688,Shoreacres,1566,1543,1546,1540,1548,1552,-18,-14,-1.1,-0.9
67832,Silsbee,6935,6869,6873,6820,6746,6704,-189,-231,-2.7,-3.3
67904,Silverton,629,617,630,634,630,628,1,-1,0.2,-0.2
67964,Simonton,647,650,666,672,674,675,27,28,4.2,4.3
68036,Sinton,5504,5512,5534,5619,5745,5808,241,304,4.4,5.5
68120,Skellytown,394,388,399,405,391,384,-3,-10,-0.8,-2.5
68180,Slaton,5858,5772,5695,5661,5653,5648,-205,-210,-3.5,-3.6
68300,Smiley,475,473,488,484,495,501,20,26,4.2,5.5
68456,Smithville,3922,4019,4080,4159,4172,4180,250,258,6.4,6.6
68504,Smyer,441,445,439,448,457,462,16,21,3.6,4.8
68576,Snook,506,511,522,545,573,587,67,81,13.2,16
68624,Snyder,11438,11267,11505,11462,11238,11121,-200,-317,-1.7,-2.8
68636,Socorro,34306,36678,37601,38101,38954,39385,4648,5079,13.5,14.8
68708,Somerset,1756,1802,1829,1880,1905,1918,149,162,8.5,9.2
68720,Somerville,1312,1312,1343,1376,1435,1465,123,153,9.4,11.7
68756,Sonora,2502,2457,2414,2419,2467,2491,-35,-11,-1.4,-0.4
68828,Sour Lake,1773,1806,1868,1883,1879,1877,106,104,6,5.9
68978,South Frydek,207,207,212,218,218,218,11,11,5.3,5.3
69020,South Houston,16153,15931,15929,15825,16010,16103,-143,-50,-0.9,-0.3
69120,South Mountain,411,411,411,419,413,410,2,-1,0.5,-0.2
69140,South Padre Island,2066,2081,2121,2187,2232,2255,166,189,8,9.1
69032,Southlake,31265,30938,31114,31529,31650,31712,385,447,1.2,1.4
69104,Southmayd,978,1014,1032,1046,1068,1079,90,101,9.2,10.3
69272,Southside Place,1835,1853,1885,1898,1936,1955,101,120,5.5,6.5
69476,Spearman,3171,3115,3112,3084,3020,2990,-151,-181,-4.8,-5.7
69548,Splendora,1683,1722,1747,1832,1811,1801,128,118,7.6,7
69560,Spofford,41,41,41,42,41,41,0,0,0,0
69608,Spring Branch,206,206,206,208,206,205,0,-1,0,-0.5
69830,Spring Valley Village,4229,4180,4295,4325,4293,4277,64,48,1.5,1.1
69764,Springlake,145,142,141,146,142,140,-3,-5,-2.1,-3.4
69800,Springtown,3064,3404,3720,4205,4550,4723,1486,1659,48.5,54.1
69848,Spur,863,845,846,841,842,843,-21,-20,-2.4,-2.3
64172,St. Hedwig,2227,2293,2327,2388,2406,2415,179,188,8,8.4
64184,St. Jo,881,887,923,944,960,968,79,87,9,9.9
64220,St. Paul,992,996,1001,1004,1001,1000,9,8,0.9,0.8
69908,Stafford,17666,17469,17136,17141,17316,17404,-350,-262,-2,-1.5
69932,Stagecoach,580,586,583,585,588,590,8,10,1.4,1.7
69980,Stamford,2907,2847,2830,2833,2883,2911,-24,4,-0.8,0.1
70040,Stanton,2657,2702,2660,2667,2633,2616,-24,-41,-0.9,-1.5
70052,Staples,193,189,194,183,183,183,-10,-10,-5.2,-5.2
70076,Star Harbor,482,493,497,509,511,512,29,30,6,6.2
70208,Stephenville,20897,21079,21523,21991,22131,22362,1234,1465,5.9,7
70232,Sterling City,1121,1132,1157,1153,1124,1111,3,-10,0.3,-0.9
70340,Stinnett,1650,1656,1621,1625,1635,1640,-15,-10,-0.9,-0.6
70376,Stockdale,1413,1402,1410,1425,1429,1431,16,18,1.1,1.3
70406,Stockton Bend,380,381,381,382,380,379,0,-1,0,-0.3
70544,Stratford,1939,1978,1967,1915,1942,1955,3,16,0.2,0.8
70580,Strawn,540,543,552,554,551,550,11,10,2,1.9
70604,Streetman,248,254,269,285,298,305,50,57,20.2,23
70772,Sudan,940,933,924,926,921,919,-19,-21,-2,-2.2
70808,Sugar Land,111026,109441,112136,106343,112386,115390,1360,4364,1.2,3.9
70868,Sullivan City,3908,3905,3913,3959,4060,4111,152,203,3.9,5.2
70904,Sulphur Springs,15941,16017,16311,16502,16858,17027,917,1086,5.8,6.8
71356,Sun Valley,70,70,71,79,79,79,9,9,12.9,12.9
71060,Sundown,1283,1275,1282,1301,1315,1322,32,39,2.5,3
71156,Sunnyvale,7893,8254,8537,8656,9105,9330,1212,1437,15.4,18.2
71180,Sunray,1707,1717,1692,1745,1732,1726,25,19,1.5,1.1
71228,Sunrise Beach Village,739,758,771,791,801,806,62,67,8.4,9.1
71324,Sunset Valley,683,666,649,640,650,655,-33,-28,-4.8,-4.1
71384,Surfside Beach,640,689,734,766,811,834,171,194,26.7,30.3
71492,Sweeny,3626,3580,3573,3560,3638,3677,12,51,0.3,1.4
71540,Sweetwater,10622,10455,10482,10266,10291,10302,-331,-320,-3.1,-3
71684,Taft,2801,2768,2741,2725,2765,2785,-36,-16,-1.3,-0.6
71708,Tahoka,2375,2377,2372,2372,2429,2458,54,83,2.3,3.5
71732,Talco,494,490,489,489,488,488,-6,-6,-1.2,-1.2
71756,Talty,2500,2542,2554,2569,2572,2574,72,74,2.9,3
71924,Tatum,1342,1355,1363,1382,1379,1378,37,36,2.8,2.7
71948,Taylor,16267,16853,16572,16969,17662,18012,1395,1745,8.6,10.7
71960,Taylor Lake Village,3704,3655,3766,3811,3790,3780,86,76,2.3,2.1
71966,Taylor Landing,278,278,282,287,290,292,12,14,4.3,5
72020,Teague,3384,3440,3461,3557,3562,3566,178,182,5.3,5.4
72080,Tehuacana,228,228,231,229,228,228,0,0,0,0
72176,Temple,82073,85409,89136,92154,95146,96654,13073,14581,15.9,17.8
72188,Tenaha,989,994,1003,1023,996,983,7,-6,0.7,-0.6
72284,Terrell,17465,17809,18086,18593,18729,18837,1264,1372,7.2,7.9
72296,Terrell Hills,5045,5043,5059,5136,5109,5096,64,51,1.3,1
72368,Texarkana,36193,35770,35764,37023,36889,36822,696,629,1.9,1.7
72392,Texas City,51898,54791,54897,56005,57581,58356,5683,6458,11,12.4
72464,Texhoma,258,256,256,248,250,251,-8,-7,-3.1,-2.7
72476,Texline,448,451,454,467,492,505,44,57,9.8,12.7
72530,The Colony,44534,45278,45125,45054,46152,46701,1618,2167,3.6,4.9
72578,The Hills,2613,2538,2473,2430,2467,2486,-146,-127,-5.6,-4.9
72740,Thompsons,156,159,159,159,158,158,2,2,1.3,1.3
72776,Thorndale,1263,1275,1297,1316,1347,1363,84,100,6.7,7.9
72788,Thornton,421,428,426,432,426,423,5,2,1.2,0.5
72800,Thorntonville,561,532,551,561,566,569,5,8,0.9,1.4
72824,Thrall,816,866,842,878,880,881,64,65,7.8,8
72872,Three Rivers,1474,1490,1494,1509,1557,1581,83,107,5.6,7.3
72896,Throckmorton,727,742,782,761,778,787,51,60,7,8.3
72989,Tiki Island,1106,1095,1105,1117,1119,1120,13,14,1.2,1.3
73030,Timbercreek Canyon,430,438,448,460,459,459,29,29,6.7,6.7
73076,Timpson,989,988,991,996,1000,1002,11,13,1.1,1.3
73112,Tioga,1142,1183,1204,1303,1267,1247,125,105,10.9,9.2
73124,Tira,319,325,332,339,340,341,21,22,6.6,6.9
73196,Toco,91,91,91,91,92,93,1,2,1.1,2.2
73224,Todd Mission,121,121,126,161,170,175,49,54,40.5,44.6
73268,Tolar,941,995,1087,1179,1278,1328,337,387,35.8,41.1
73328,Tom Bean,930,928,969,936,941,944,11,14,1.2,1.5
73316,Tomball,12341,13322,14363,15357,16149,16523,3808,4182,30.9,33.9
73352,Tool,2175,2228,2251,2337,2367,2382,192,207,8.8,9.5
73493,Town of Pecos,12916,13027,12441,13003,12862,12794,-54,-122,-0.4,-0.9
73496,Toyah,61,60,57,63,61,60,0,-1,0,-1.6
73580,Trent,295,291,296,297,295,294,0,-1,0,-0.3
73592,Trenton,743,775,791,810,841,857,98,114,13.2,15.3
73652,Trinidad,860,864,867,864,869,872,9,12,1,1.4
73664,Trinity,2343,2450,2507,2514,2543,2556,200,213,8.5,9.1
73710,Trophy Club,13688,13790,13814,13880,13685,13588,-3,-100,0,-0.7
73724,Troup,2006,2043,2081,2124,2142,2151,136,145,6.8,7.2
73748,Troy,2375,2608,3009,3441,3656,3764,1281,1389,53.9,58.5
73868,Tulia,4473,4482,4480,4488,4297,4202,-176,-271,-3.9,-6.1
73964,Turkey,317,318,317,323,317,314,0,-3,0,-0.9
74048,Tuscola,850,886,912,924,959,977,109,127,12.8,14.9
74132,Tye,1176,1177,1193,1218,1292,1329,116,153,9.9,13
74144,Tyler,105995,106772,109221,110967,111660,112004,5665,6009,5.3,5.7
74216,Uhland,1588,2278,2556,2677,2764,2808,1176,1220,74.1,76.8
74240,Uncertain,85,85,85,84,83,83,-2,-2,-2.4,-2.4
74312,Union Grove,441,450,463,464,471,475,30,34,6.8,7.7
74372,Union Valley,370,412,461,502,507,510,137,140,37,37.8
74408,Universal City,19720,19907,19987,20312,20220,20174,500,454,2.5,2.3
74492,University Park,25278,24845,25057,25212,25131,25091,-147,-187,-0.6,-0.7
74588,Uvalde,15217,15306,15524,15631,15487,15450,270,233,1.8,1.5
74648,Valentine,73,72,71,67,71,73,-2,0,-2.7,0
74732,Valley Mills,1229,1239,1241,1258,1253,1251,24,22,2,1.8
74756,Valley View,737,753,784,849,860,866,123,129,16.7,17.5
74912,Van,2664,2698,2711,2739,2758,2764,94,100,3.5,3.8
74924,Van Alstyne,4369,5154,6126,6842,7012,7100,2643,2731,60.5,62.5
75032,Van Horn,1941,1956,1920,1983,2019,2037,78,96,4,4.9
75188,Vega,879,870,867,904,905,906,26,27,3,3.1
75236,Venus,4361,5480,5812,6167,6131,6113,1770,1752,40.6,40.2
75308,Vernon,10078,10077,9689,9895,9808,9922,-270,-156,-2.7,-1.5
75428,Victoria,65534,64984,64827,66862,66822,66794,1288,1260,2,1.9
75476,Vidor,9789,9748,9780,9859,9715,9649,-74,-140,-0.8,-1.4
75668,Vinton,2684,2713,2750,2768,2882,2939,198,255,7.4,9.5
75752,Volente,561,543,536,548,565,574,4,13,0.7,2.3
75764,Von Ormy,1174,1194,1208,1223,1224,1225,50,51,4.3,4.3
76000,Waco,138486,139081,142665,144987,146157,146669,7671,8183,5.5,5.9
76024,Waelder,933,935,952,958,977,987,44,54,4.7,5.8
76096,Wake Village,5945,5857,5853,5829,5813,5805,-132,-140,-2.2,-2.4
76228,Waller,2682,2884,3150,3287,3711,3923,1029,1241,38.4,46.3
76240,Wallis,1292,1311,1330,1339,1351,1357,59,65,4.6,5
76348,Walnut Springs,795,820,837,866,877,883,82,88,10.3,11.1
76576,Warren City,319,321,322,323,323,323,4,4,1.3,1.3
76636,Waskom,1910,1930,1934,1952,1955,1957,45,47,2.4,2.5
76672,Watauga,23650,23235,23241,23454,23511,23546,-139,-104,-0.6,-0.4
76816,Waxahachie,41140,43725,45448,47037,48988,49972,7848,8832,19.1,21.5
76864,Weatherford,30854,33156,33934,34811,36171,36792,5317,5938,17.2,19.2
76924,Webberville,394,398,406,407,406,406,12,12,3,3
76948,Webster,12499,12324,12391,12446,12589,12665,90,166,0.7,1.3
77020,Weimar,2076,2092,2094,2194,2205,2216,129,140,6.2,6.7
77044,Weinert,172,172,172,172,172,172,0,0,0,0
77056,Weir,699,711,715,710,747,766,48,67,6.9,9.6
77152,Wellington,1896,1862,1830,1846,1851,1855,-45,-41,-2.4,-2.2
77164,Wellman,230,226,225,232,230,229,0,-1,0,-0.4
77176,Wells,853,863,869,889,878,878,25,25,2.9,2.9
77272,Weslaco,40160,41108,42385,43701,45653,46600,5493,6440,13.7,16
77332,West,2531,2563,2576,2541,2572,2584,41,53,1.6,2.1
77416,West Columbia,3644,3621,3614,3589,3680,3726,36,82,1,2.3
77632,West Lake Hills,3444,3373,3297,3237,3289,3315,-155,-129,-4.5,-3.7
77752,West Orange,3459,3424,3456,3458,3427,3412,-32,-47,-0.9,-1.4
77896,West Tawakoni,1895,1907,1996,2068,2132,2164,237,269,12.5,14.2
77956,West University Place,14955,14651,14932,14970,14875,14828,-80,-127,-0.5,-0.8
77380,Westbrook,201,201,202,207,203,201,2,0,1,0
77620,Westlake,1623,1684,1801,1920,1991,2027,368,404,22.7,24.9
77740,Weston,283,328,635,1014,1117,1169,834,886,294.7,313.1
77746,Weston Lakes,3853,3862,3938,4097,4048,4024,195,171,5.1,4.4
77788,Westover Hills,641,638,637,638,630,626,-11,-15,-1.7,-2.3
78076,Westworth Village,2585,2622,2682,2758,2819,2850,234,265,9.1,10.3
78136,Wharton,8627,8615,8822,8918,8564,8387,-63,-240,-0.7,-2.8
78208,Wheeler,1487,1474,1470,1464,1479,1484,-8,-3,-0.5,-0.2
78316,White Deer,918,901,920,973,973,973,55,55,6,6
78436,White Oak,6225,6182,6333,6334,6398,6430,173,205,2.8,3.3
78544,White Settlement,18269,18108,18206,18379,18447,18478,178,209,1,1.1
78328,Whiteface,375,373,365,369,375,378,0,3,0,0.8
78388,Whitehouse,8257,8796,9163,9573,9664,9709,1407,1452,17,17.6
78532,Whitesboro,4074,4173,4182,4255,4100,4015,26,-59,0.6,-1.4
78628,Whitewright,1725,1755,1773,1778,1779,1780,54,55,3.1,3.2
78664,Whitney,1992,2007,2026,2054,2047,2047,55,55,2.8,2.8
79000,Wichita Falls,102316,102962,102745,103419,102297,101686,-19,-630,0,-0.6
79036,Wickett,422,403,427,446,456,461,34,39,8.1,9.2
79408,Willis,6431,6734,6853,6938,7066,7131,635,700,9.9,10.9
79492,Willow Park,4936,5174,5411,5607,5763,5840,827,904,16.8,18.3
79564,Wills Point,3747,3780,3796,3836,3827,3834,80,87,2.1,2.3
79576,Wilmer,4974,5325,5529,5623,5957,6124,983,1150,19.8,23.1
79612,Wilson,434,434,435,439,444,447,10,13,2.3,3
79624,Wimberley,2839,2868,2902,2876,2942,2969,103,130,3.6,4.6
79672,Windcrest,5865,5867,5857,5913,5864,5840,-1,-25,0,-0.4
79684,Windom,189,189,189,190,191,192,2,3,1.1,1.6
79696,Windthorst,342,346,349,356,354,353,12,11,3.5,3.2
79720,Winfield,422,422,424,430,431,432,9,10,2.1,2.4
79768,Wink,915,905,906,895,908,915,-7,0,-0.8,0
79816,Winnsboro,3455,3491,3562,3543,3519,3504,64,49,1.9,1.4
79828,Winona,623,648,660,678,688,693,65,70,10.4,11.2
79876,Winters,2345,2365,2347,2339,2289,2262,-56,-83,-2.4,-3.5
79919,Wixon Valley,228,224,229,230,234,236,6,8,2.6,3.5
79948,Wolfe City,1399,1401,1405,1441,1428,1422,29,23,2.1,1.6
79972,Wolfforth,5521,6117,6938,7925,8465,8735,2944,3214,53.3,58.2
80044,Woodbranch,1330,1429,1480,1542,1580,1599,250,269,18.8,20.2
80058,Woodcreek,1770,1807,1872,1875,1919,1941,149,171,8.4,9.7
80144,Woodloch,186,186,186,180,177,176,-9,-10,-4.8,-5.4
80176,Woodsboro,1319,1345,1370,1373,1386,1393,67,74,5.1,5.6
80188,Woodson,219,224,235,228,232,234,13,15,5.9,6.8
80212,Woodville,2403,2389,2406,2424,2426,2422,23,19,1,0.8
80224,Woodway,9383,9508,9642,9808,9572,9454,189,71,2,0.8
80296,Wortham,980,990,1007,1039,1014,1002,34,22,3.5,2.2
80356,Wylie,57526,59846,60618,60898,62133,62749,4607,5223,8,9.1
80440,Yantis,405,408,415,415,414,414,9,9,2.2,2.2
80560,Yoakum,5908,5959,5911,5944,5921,5904,13,-4,0.2,-0.1
80584,Yorktown,1810,1814,1772,1829,1795,1779,-15,-31,-0.8,-1.7
80728,Zavalla,603,617,615,619,615,613,12,10,2,1.7
99999,State of Texas,29145505,29570483,30113650,30725080,31290831,31572300,2145326,2426795,7.4,8.3
